"P.E.O.P.L.E. Population Estimates and Projections","","","","",""
"Author: BC Stats","","","","",""
"Release date: May 20, 2026","","","","",""
"Geographic level: Health Service Delivery Area","","","","",""
"Years: 2015-2026","","","","",""
"-------------------------------------------------","","","","",""
"Region","Health Service Delivery Area","Year","Type","Gender","Total"
"51","Northwest","2015","Estimate","F","36,150"
"51","Northwest","2015","Estimate","M","38,262"
"51","Northwest","2015","Estimate","T","74,412"
"51","Northwest","2016","Estimate","F","36,244"
"51","Northwest","2016","Estimate","M","38,299"
"51","Northwest","2016","Estimate","T","74,543"
"51","Northwest","2017","Estimate","F","36,305"
"51","Northwest","2017","Estimate","M","38,138"
"51","Northwest","2017","Estimate","T","74,443"
"51","Northwest","2018","Estimate","F","36,352"
"51","Northwest","2018","Estimate","M","38,179"
"51","Northwest","2018","Estimate","T","74,531"
"51","Northwest","2019","Estimate","F","36,416"
"51","Northwest","2019","Estimate","M","38,416"
"51","Northwest","2019","Estimate","T","74,832"
"51","Northwest","2020","Estimate","F","36,675"
"51","Northwest","2020","Estimate","M","38,616"
"51","Northwest","2020","Estimate","T","75,291"
"51","Northwest","2021","Estimate","F","36,813"
"51","Northwest","2021","Estimate","M","39,079"
"51","Northwest","2021","Estimate","T","75,892"
"51","Northwest","2022","Estimate","F","36,837"
"51","Northwest","2022","Estimate","M","39,407"
"51","Northwest","2022","Estimate","T","76,244"
"51","Northwest","2023","Estimate","F","37,288"
"51","Northwest","2023","Estimate","M","39,789"
"51","Northwest","2023","Estimate","T","77,077"
"51","Northwest","2024","Estimate","F","37,772"
"51","Northwest","2024","Estimate","M","40,244"
"51","Northwest","2024","Estimate","T","78,016"
"51","Northwest","2025","Estimate","F","37,928"
"51","Northwest","2025","Estimate","M","40,963"
"51","Northwest","2025","Estimate","T","78,891"
"51","Northwest","2026","Projection","F","37,562"
"51","Northwest","2026","Projection","M","40,457"
"51","Northwest","2026","Projection","T","78,019"
