age_group,year,months_covered,deaths,rate_per_100k,rate_annualized
0-18,2015,12,5,0.6,no
0-18,2016,12,13,1.4,no
0-18,2017,12,26,2.8,no
0-18,2018,12,19,2.0,no
0-18,2019,12,13,1.4,no
0-18,2020,12,17,1.8,no
0-18,2021,12,29,3.1,no
0-18,2022,12,34,3.5,no
0-18,2023,12,27,2.8,no
0-18,2024,12,21,2.1,no
0-18,2025,12,25,2.6,no
0-18,2026,6,5,1.0,yes
19-29,2015,12,117,16.6,no
19-29,2016,12,204,28.4,no
19-29,2017,12,271,36.8,no
19-29,2018,12,304,39.7,no
19-29,2019,12,173,21.9,no
19-29,2020,12,309,39.3,no
19-29,2021,12,323,41.7,no
19-29,2022,12,338,42.2,no
19-29,2023,12,345,40.9,no
19-29,2024,12,307,35.0,no
19-29,2025,12,211,24.8,no
19-29,2026,6,82,20.7,yes
30-39,2015,12,136,21.4,no
30-39,2016,12,263,40.0,no
30-39,2017,12,400,59.2,no
30-39,2018,12,399,57.2,no
30-39,2019,12,276,38.1,no
30-39,2020,12,413,55.3,no
30-39,2021,12,543,70.5,no
30-39,2022,12,562,69.9,no
30-39,2023,12,645,75.9,no
30-39,2024,12,570,64.0,no
30-39,2025,12,414,45.9,no
30-39,2026,6,169,37.5,yes
40-49,2015,12,130,19.9,no
40-49,2016,12,234,35.9,no
40-49,2017,12,355,54.7,no
40-49,2018,12,346,53.4,no
40-49,2019,12,220,33.9,no
40-49,2020,12,410,62.9,no
40-49,2021,12,499,75.6,no
40-49,2022,12,533,78.4,no
40-49,2023,12,576,81.6,no
40-49,2024,12,586,79.6,no
40-49,2025,12,462,61.2,no
40-49,2026,6,202,52.7,yes
50-59,2015,12,110,15.0,no
50-59,2016,12,230,31.1,no
50-59,2017,12,315,43.1,no
50-59,2018,12,363,50.3,no
50-59,2019,12,216,30.2,no
50-59,2020,12,413,58.3,no
50-59,2021,12,593,84.6,no
50-59,2022,12,575,82.6,no
50-59,2023,12,587,85.4,no
50-59,2024,12,478,70.1,no
50-59,2025,12,397,58.7,no
50-59,2026,6,158,47.0,yes
60-69,2015,12,29,4.9,no
60-69,2016,12,50,8.1,no
60-69,2017,12,120,19.0,no
60-69,2018,12,127,19.7,no
60-69,2019,12,90,13.7,no
60-69,2020,12,195,29.2,no
60-69,2021,12,271,39.8,no
60-69,2022,12,303,43.8,no
60-69,2023,12,366,51.9,no
60-69,2024,12,307,42.9,no
60-69,2025,12,275,38.4,no
60-69,2026,6,135,37.9,yes
70-79,2015,12,1,0.3,no
70-79,2016,12,3,0.9,no
70-79,2017,12,7,1.9,no
70-79,2018,12,8,2.0,no
70-79,2019,12,4,1.0,no
70-79,2020,12,17,3.9,no
70-79,2021,12,33,7.3,no
70-79,2022,12,34,7.2,no
70-79,2023,12,43,8.7,no
70-79,2024,12,49,9.6,no
70-79,2025,12,40,7.5,no
70-79,2026,6,25,9.1,yes
80+,2015,12,0,,no
80+,2016,12,0,,no
80+,2017,12,0,,no
80+,2018,12,0,,no
80+,2019,12,0,,no
80+,2020,12,0,,no
80+,2021,12,0,,no
80+,2022,12,1,,no
80+,2023,12,0,,no
80+,2024,12,0,,no
80+,2025,12,3,,no
80+,2026,6,0,,yes
Not available,2015,12,0,,no
Not available,2016,12,0,,no
Not available,2017,12,0,,no
Not available,2018,12,0,,no
Not available,2019,12,0,,no
Not available,2020,12,0,,no
Not available,2021,12,0,,no
Not available,2022,12,2,,no
Not available,2023,12,2,,no
Not available,2024,12,1,,no
Not available,2025,12,1,,no
Not available,2026,6,0,,yes
