hsda_code,hsda,health_authority,deaths,population,death_rate_per_100k,paramedic_overdoses,naloxone_kits_shipped,naloxone_sites_dec,paramedic_overdoses_per_100k,kits_per_100k,kits_per_paramedic_overdose
21,Fraser East,Fraser,133,369058,36.0,2152,19363,179,583.1,5247,9.0
23,Fraser South,Fraser,253,1056156,24.0,2730,38031,277,258.5,3601,13.9
32,Vancouver,Vancouver Coastal,420,763986,55.0,5567,89662,384,728.7,11736,16.1
12,Kootenay Boundary,Interior,31,89850,34.5,346,5745,62,385.1,6394,16.6
13,Okanagan,Interior,167,449105,37.2,1733,29259,194,385.9,6515,16.9
22,Fraser North,Fraser,141,801950,17.6,1690,31308,218,210.7,3904,18.5
43,North Vancouver Island,Island,63,143305,44.0,591,11795,96,412.4,8231,20.0
14,Thompson Cariboo Shuswap,Interior,106,259032,40.9,886,18816,196,342.0,7264,21.2
42,Central Vancouver Island,Island,153,320319,47.8,1488,32953,183,464.5,10288,22.1
53,Northeast,Northern,27,72192,37.4,160,3990,45,221.6,5527,24.9
33,North Shore/Coast Garibaldi,Vancouver Coastal,49,339736,14.4,355,9390,124,104.5,2764,26.5
11,East Kootenay,Interior,16,95383,16.8,135,3604,61,141.5,3778,26.7
52,Northern Interior,Northern,86,154907,55.5,852,23229,104,550.0,14995,27.3
41,South Vancouver Island,Island,126,464081,27.2,1423,41111,221,306.6,8859,28.9
51,Northwest,Northern,34,78891,43.1,187,8752,78,237.0,11094,46.8
31,Richmond,Vancouver Coastal,23,239585,9.6,169,8175,53,70.5,3412,48.4
