health_authority,year,month,drug_type,pct_of_tested_deaths
British Columbia,2025,7,Fentanyl & analogues,86.4
British Columbia,2025,7,Stimulant,81.6
British Columbia,2025,7,Other Opioids,17.6
British Columbia,2025,7,Benzodiazepine,42.4
British Columbia,2025,8,Fentanyl & analogues,82.4
British Columbia,2025,8,Stimulant,83.2
British Columbia,2025,8,Other Opioids,22.1
British Columbia,2025,8,Benzodiazepine,42.0
British Columbia,2025,9,Fentanyl & analogues,90.4
British Columbia,2025,9,Stimulant,76.5
British Columbia,2025,9,Other Opioids,16.9
British Columbia,2025,9,Benzodiazepine,49.3
British Columbia,2025,10,Fentanyl & analogues,84.6
British Columbia,2025,10,Stimulant,94.3
British Columbia,2025,10,Other Opioids,15.4
British Columbia,2025,10,Benzodiazepine,43.1
British Columbia,2025,11,Fentanyl & analogues,84.2
British Columbia,2025,11,Stimulant,85.1
British Columbia,2025,11,Other Opioids,17.5
British Columbia,2025,11,Benzodiazepine,39.5
British Columbia,2025,12,Fentanyl & analogues,80.6
British Columbia,2025,12,Stimulant,84.5
British Columbia,2025,12,Other Opioids,18.4
British Columbia,2025,12,Benzodiazepine,34.0
British Columbia,2026,1,Fentanyl & analogues,81.3
British Columbia,2026,1,Stimulant,83.5
British Columbia,2026,1,Other Opioids,13.7
British Columbia,2026,1,Benzodiazepine,33.8
British Columbia,2026,2,Fentanyl & analogues,83.7
British Columbia,2026,2,Stimulant,82.7
British Columbia,2026,2,Other Opioids,19.4
British Columbia,2026,2,Benzodiazepine,42.9
British Columbia,2026,3,Fentanyl & analogues,82.7
British Columbia,2026,3,Stimulant,82.7
British Columbia,2026,3,Other Opioids,19.7
British Columbia,2026,3,Benzodiazepine,36.2
British Columbia,2026,4,Fentanyl & analogues,83.5
British Columbia,2026,4,Stimulant,91.7
British Columbia,2026,4,Other Opioids,19.3
British Columbia,2026,4,Benzodiazepine,33.9
British Columbia,2026,5,Fentanyl & analogues,80.0
British Columbia,2026,5,Stimulant,81.1
British Columbia,2026,5,Other Opioids,21.1
British Columbia,2026,5,Benzodiazepine,36.8
British Columbia,2026,6,Fentanyl & analogues,73.2
British Columbia,2026,6,Stimulant,82.1
British Columbia,2026,6,Other Opioids,20.5
British Columbia,2026,6,Benzodiazepine,25.0
Interior,2025,7,Fentanyl & analogues,95.5
Interior,2025,7,Stimulant,86.4
Interior,2025,7,Other Opioids,13.6
Interior,2025,7,Benzodiazepine,54.5
Interior,2025,8,Fentanyl & analogues,61.9
Interior,2025,8,Stimulant,90.5
Interior,2025,8,Other Opioids,28.6
Interior,2025,8,Benzodiazepine,28.6
Interior,2025,9,Fentanyl & analogues,94.4
Interior,2025,9,Stimulant,77.8
Interior,2025,9,Other Opioids,16.7
Interior,2025,9,Benzodiazepine,33.3
Interior,2025,10,Fentanyl & analogues,81.0
Interior,2025,10,Stimulant,90.5
Interior,2025,10,Other Opioids,4.8
Interior,2025,10,Benzodiazepine,19.0
Interior,2025,11,Fentanyl & analogues,83.3
Interior,2025,11,Stimulant,83.3
Interior,2025,11,Other Opioids,16.7
Interior,2025,11,Benzodiazepine,50.0
Interior,2025,12,Fentanyl & analogues,75.0
Interior,2025,12,Stimulant,100.0
Interior,2025,12,Other Opioids,8.3
Interior,2025,12,Benzodiazepine,33.3
Interior,2026,1,Fentanyl & analogues,82.8
Interior,2026,1,Stimulant,93.1
Interior,2026,1,Other Opioids,0.0
Interior,2026,1,Benzodiazepine,41.4
Interior,2026,2,Fentanyl & analogues,100.0
Interior,2026,2,Stimulant,91.7
Interior,2026,2,Other Opioids,16.7
Interior,2026,2,Benzodiazepine,50.0
Interior,2026,3,Fentanyl & analogues,72.7
Interior,2026,3,Stimulant,90.9
Interior,2026,3,Other Opioids,27.3
Interior,2026,3,Benzodiazepine,45.5
Interior,2026,4,Fentanyl & analogues,75.0
Interior,2026,4,Stimulant,83.3
Interior,2026,4,Other Opioids,8.3
Interior,2026,4,Benzodiazepine,41.7
Interior,2026,5,Fentanyl & analogues,82.4
Interior,2026,5,Stimulant,88.2
Interior,2026,5,Other Opioids,17.6
Interior,2026,5,Benzodiazepine,58.8
Interior,2026,6,Fentanyl & analogues,69.6
Interior,2026,6,Stimulant,82.6
Interior,2026,6,Other Opioids,13.0
Interior,2026,6,Benzodiazepine,21.7
Fraser,2025,7,Fentanyl & analogues,83.3
Fraser,2025,7,Stimulant,88.9
Fraser,2025,7,Other Opioids,19.4
Fraser,2025,7,Benzodiazepine,47.2
Fraser,2025,8,Fentanyl & analogues,81.3
Fraser,2025,8,Stimulant,81.3
Fraser,2025,8,Other Opioids,21.9
Fraser,2025,8,Benzodiazepine,62.5
Fraser,2025,9,Fentanyl & analogues,85.4
Fraser,2025,9,Stimulant,73.2
Fraser,2025,9,Other Opioids,19.5
Fraser,2025,9,Benzodiazepine,58.5
Fraser,2025,10,Fentanyl & analogues,88.9
Fraser,2025,10,Stimulant,96.3
Fraser,2025,10,Other Opioids,14.8
Fraser,2025,10,Benzodiazepine,63.0
Fraser,2025,11,Fentanyl & analogues,71.4
Fraser,2025,11,Stimulant,82.1
Fraser,2025,11,Other Opioids,25.0
Fraser,2025,11,Benzodiazepine,39.3
Fraser,2025,12,Fentanyl & analogues,82.4
Fraser,2025,12,Stimulant,82.4
Fraser,2025,12,Other Opioids,20.6
Fraser,2025,12,Benzodiazepine,29.4
Fraser,2026,1,Fentanyl & analogues,73.0
Fraser,2026,1,Stimulant,75.7
Fraser,2026,1,Other Opioids,16.2
Fraser,2026,1,Benzodiazepine,32.4
Fraser,2026,2,Fentanyl & analogues,80.0
Fraser,2026,2,Stimulant,80.0
Fraser,2026,2,Other Opioids,13.3
Fraser,2026,2,Benzodiazepine,46.7
Fraser,2026,3,Fentanyl & analogues,90.9
Fraser,2026,3,Stimulant,72.7
Fraser,2026,3,Other Opioids,15.2
Fraser,2026,3,Benzodiazepine,42.4
Fraser,2026,4,Fentanyl & analogues,86.2
Fraser,2026,4,Stimulant,93.1
Fraser,2026,4,Other Opioids,20.7
Fraser,2026,4,Benzodiazepine,34.5
Fraser,2026,5,Fentanyl & analogues,80.0
Fraser,2026,5,Stimulant,83.3
Fraser,2026,5,Other Opioids,20.0
Fraser,2026,5,Benzodiazepine,26.7
Fraser,2026,6,Fentanyl & analogues,83.3
Fraser,2026,6,Stimulant,86.7
Fraser,2026,6,Other Opioids,16.7
Fraser,2026,6,Benzodiazepine,33.3
Vancouver Coastal,2025,7,Fentanyl & analogues,91.2
Vancouver Coastal,2025,7,Stimulant,85.3
Vancouver Coastal,2025,7,Other Opioids,11.8
Vancouver Coastal,2025,7,Benzodiazepine,35.3
Vancouver Coastal,2025,8,Fentanyl & analogues,89.7
Vancouver Coastal,2025,8,Stimulant,76.9
Vancouver Coastal,2025,8,Other Opioids,25.6
Vancouver Coastal,2025,8,Benzodiazepine,41.0
Vancouver Coastal,2025,9,Fentanyl & analogues,88.9
Vancouver Coastal,2025,9,Stimulant,75.0
Vancouver Coastal,2025,9,Other Opioids,25.0
Vancouver Coastal,2025,9,Benzodiazepine,41.7
Vancouver Coastal,2025,10,Fentanyl & analogues,84.6
Vancouver Coastal,2025,10,Stimulant,89.7
Vancouver Coastal,2025,10,Other Opioids,20.5
Vancouver Coastal,2025,10,Benzodiazepine,38.5
Vancouver Coastal,2025,11,Fentanyl & analogues,89.2
Vancouver Coastal,2025,11,Stimulant,83.8
Vancouver Coastal,2025,11,Other Opioids,18.9
Vancouver Coastal,2025,11,Benzodiazepine,35.1
Vancouver Coastal,2025,12,Fentanyl & analogues,80.0
Vancouver Coastal,2025,12,Stimulant,80.0
Vancouver Coastal,2025,12,Other Opioids,8.0
Vancouver Coastal,2025,12,Benzodiazepine,32.0
Vancouver Coastal,2026,1,Fentanyl & analogues,91.4
Vancouver Coastal,2026,1,Stimulant,77.1
Vancouver Coastal,2026,1,Other Opioids,20.0
Vancouver Coastal,2026,1,Benzodiazepine,31.4
Vancouver Coastal,2026,2,Fentanyl & analogues,82.4
Vancouver Coastal,2026,2,Stimulant,88.2
Vancouver Coastal,2026,2,Other Opioids,26.5
Vancouver Coastal,2026,2,Benzodiazepine,47.1
Vancouver Coastal,2026,3,Fentanyl & analogues,78.8
Vancouver Coastal,2026,3,Stimulant,87.9
Vancouver Coastal,2026,3,Other Opioids,24.2
Vancouver Coastal,2026,3,Benzodiazepine,30.3
Vancouver Coastal,2026,4,Fentanyl & analogues,83.3
Vancouver Coastal,2026,4,Stimulant,88.9
Vancouver Coastal,2026,4,Other Opioids,25.0
Vancouver Coastal,2026,4,Benzodiazepine,25.0
Vancouver Coastal,2026,5,Fentanyl & analogues,89.5
Vancouver Coastal,2026,5,Stimulant,78.9
Vancouver Coastal,2026,5,Other Opioids,15.8
Vancouver Coastal,2026,5,Benzodiazepine,31.6
Vancouver Coastal,2026,6,Fentanyl & analogues,72.0
Vancouver Coastal,2026,6,Stimulant,80.0
Vancouver Coastal,2026,6,Other Opioids,32.0
Vancouver Coastal,2026,6,Benzodiazepine,12.0
Island,2025,7,Fentanyl & analogues,88.0
Island,2025,7,Stimulant,64.0
Island,2025,7,Other Opioids,24.0
Island,2025,7,Benzodiazepine,32.0
Island,2025,8,Fentanyl & analogues,91.7
Island,2025,8,Stimulant,87.5
Island,2025,8,Other Opioids,20.8
Island,2025,8,Benzodiazepine,25.0
Island,2025,9,Fentanyl & analogues,96.7
Island,2025,9,Stimulant,90.0
Island,2025,9,Other Opioids,10.0
Island,2025,9,Benzodiazepine,50.0
Island,2025,10,Fentanyl & analogues,83.3
Island,2025,10,Stimulant,100.0
Island,2025,10,Other Opioids,16.7
Island,2025,10,Benzodiazepine,41.7
Island,2025,11,Fentanyl & analogues,90.0
Island,2025,11,Stimulant,90.0
Island,2025,11,Other Opioids,10.0
Island,2025,11,Benzodiazepine,30.0
Island,2025,12,Fentanyl & analogues,82.6
Island,2025,12,Stimulant,82.6
Island,2025,12,Other Opioids,34.8
Island,2025,12,Benzodiazepine,30.4
Island,2026,1,Fentanyl & analogues,84.6
Island,2026,1,Stimulant,96.2
Island,2026,1,Other Opioids,11.5
Island,2026,1,Benzodiazepine,30.8
Island,2026,2,Fentanyl & analogues,82.1
Island,2026,2,Stimulant,71.4
Island,2026,2,Other Opioids,14.3
Island,2026,2,Benzodiazepine,25.0
Island,2026,3,Fentanyl & analogues,83.3
Island,2026,3,Stimulant,76.7
Island,2026,3,Other Opioids,13.3
Island,2026,3,Benzodiazepine,20.0
Island,2026,4,Fentanyl & analogues,78.3
Island,2026,4,Stimulant,100.0
Island,2026,4,Other Opioids,17.4
Island,2026,4,Benzodiazepine,26.1
Island,2026,5,Fentanyl & analogues,73.7
Island,2026,5,Stimulant,78.9
Island,2026,5,Other Opioids,21.1
Island,2026,5,Benzodiazepine,31.6
Island,2026,6,Fentanyl & analogues,72.7
Island,2026,6,Stimulant,72.7
Island,2026,6,Other Opioids,22.7
Island,2026,6,Benzodiazepine,27.3
Northern,2025,7,Fentanyl & analogues,50.0
Northern,2025,7,Stimulant,75.0
Northern,2025,7,Other Opioids,25.0
Northern,2025,7,Benzodiazepine,50.0
Northern,2025,8,Fentanyl & analogues,80.0
Northern,2025,8,Stimulant,86.7
Northern,2025,8,Other Opioids,6.7
Northern,2025,8,Benzodiazepine,46.7
Northern,2025,9,Fentanyl & analogues,90.9
Northern,2025,9,Stimulant,54.5
Northern,2025,9,Other Opioids,0.0
Northern,2025,9,Benzodiazepine,63.6
Northern,2025,10,Fentanyl & analogues,83.3
Northern,2025,10,Stimulant,100.0
Northern,2025,10,Other Opioids,16.7
Northern,2025,10,Benzodiazepine,58.3
Northern,2025,11,Fentanyl & analogues,90.9
Northern,2025,11,Stimulant,90.9
Northern,2025,11,Other Opioids,9.1
Northern,2025,11,Benzodiazepine,54.5
Northern,2025,12,Fentanyl & analogues,77.8
Northern,2025,12,Stimulant,88.9
Northern,2025,12,Other Opioids,11.1
Northern,2025,12,Benzodiazepine,66.7
Northern,2026,1,Fentanyl & analogues,66.7
Northern,2026,1,Stimulant,75.0
Northern,2026,1,Other Opioids,25.0
Northern,2026,1,Benzodiazepine,33.3
Northern,2026,2,Fentanyl & analogues,77.8
Northern,2026,2,Stimulant,88.9
Northern,2026,2,Other Opioids,22.2
Northern,2026,2,Benzodiazepine,66.7
Northern,2026,3,Fentanyl & analogues,88.9
Northern,2026,3,Stimulant,100.0
Northern,2026,3,Other Opioids,22.2
Northern,2026,3,Benzodiazepine,66.7
Northern,2026,4,Fentanyl & analogues,100.0
Northern,2026,4,Stimulant,88.9
Northern,2026,4,Other Opioids,11.1
Northern,2026,4,Benzodiazepine,77.8
Northern,2026,5,Fentanyl & analogues,70.0
Northern,2026,5,Stimulant,70.0
Northern,2026,5,Other Opioids,40.0
Northern,2026,5,Benzodiazepine,50.0
Northern,2026,6,Fentanyl & analogues,58.3
Northern,2026,6,Stimulant,91.7
Northern,2026,6,Other Opioids,16.7
Northern,2026,6,Benzodiazepine,33.3
