health_authority,year,pct_fentanyl_detected
British Columbia,2015,29
British Columbia,2016,67
British Columbia,2017,82
British Columbia,2018,86
British Columbia,2019,83
British Columbia,2020,84
British Columbia,2021,87
British Columbia,2022,86
British Columbia,2023,85
British Columbia,2024,84
British Columbia,2025,79
British Columbia,2026,74
Interior,2015,33
Interior,2016,69
Interior,2017,84
Interior,2018,86
Interior,2019,81
Interior,2020,83
Interior,2021,89
Interior,2022,86
Interior,2023,83
Interior,2024,82
Interior,2025,79
Interior,2026,73
Fraser,2015,28
Fraser,2016,62
Fraser,2017,79
Fraser,2018,85
Fraser,2019,85
Fraser,2020,86
Fraser,2021,87
Fraser,2022,87
Fraser,2023,84
Fraser,2024,82
Fraser,2025,78
Fraser,2026,74
Vancouver Coastal,2015,25
Vancouver Coastal,2016,66
Vancouver Coastal,2017,82
Vancouver Coastal,2018,84
Vancouver Coastal,2019,81
Vancouver Coastal,2020,83
Vancouver Coastal,2021,88
Vancouver Coastal,2022,85
Vancouver Coastal,2023,88
Vancouver Coastal,2024,86
Vancouver Coastal,2025,81
Vancouver Coastal,2026,79
Island,2015,32
Island,2016,75
Island,2017,87
Island,2018,89
Island,2019,85
Island,2020,84
Island,2021,85
Island,2022,86
Island,2023,89
Island,2024,86
Island,2025,82
Island,2026,74
Northern,2015,48
Northern,2016,69
Northern,2017,79
Northern,2018,86
Northern,2019,79
Northern,2020,84
Northern,2021,79
Northern,2022,80
Northern,2023,78
Northern,2024,82
Northern,2025,75
Northern,2026,66
