hsda_code,hsda,health_authority,year,month,deaths,rate_per_100k_month
11,East Kootenay,Interior,2025,6,1,1.0
11,East Kootenay,Interior,2025,7,1,1.0
11,East Kootenay,Interior,2025,8,3,3.1
11,East Kootenay,Interior,2025,9,2,2.1
11,East Kootenay,Interior,2025,10,0,0.0
11,East Kootenay,Interior,2025,11,0,0.0
11,East Kootenay,Interior,2025,12,1,1.0
11,East Kootenay,Interior,2026,1,3,3.2
11,East Kootenay,Interior,2026,2,2,2.1
11,East Kootenay,Interior,2026,3,0,0.0
11,East Kootenay,Interior,2026,4,0,0.0
11,East Kootenay,Interior,2026,5,0,0.0
11,East Kootenay,Interior,2026,6,2,2.1
12,Kootenay Boundary,Interior,2025,6,4,4.5
12,Kootenay Boundary,Interior,2025,7,5,5.6
12,Kootenay Boundary,Interior,2025,8,2,2.2
12,Kootenay Boundary,Interior,2025,9,3,3.3
12,Kootenay Boundary,Interior,2025,10,0,0.0
12,Kootenay Boundary,Interior,2025,11,2,2.2
12,Kootenay Boundary,Interior,2025,12,3,3.3
12,Kootenay Boundary,Interior,2026,1,6,6.8
12,Kootenay Boundary,Interior,2026,2,5,5.7
12,Kootenay Boundary,Interior,2026,3,4,4.5
12,Kootenay Boundary,Interior,2026,4,2,2.3
12,Kootenay Boundary,Interior,2026,5,0,0.0
12,Kootenay Boundary,Interior,2026,6,5,5.7
13,Okanagan,Interior,2025,6,11,2.4
13,Okanagan,Interior,2025,7,12,2.7
13,Okanagan,Interior,2025,8,12,2.7
13,Okanagan,Interior,2025,9,11,2.4
13,Okanagan,Interior,2025,10,12,2.7
13,Okanagan,Interior,2025,11,12,2.7
13,Okanagan,Interior,2025,12,10,2.2
13,Okanagan,Interior,2026,1,18,4.1
13,Okanagan,Interior,2026,2,5,1.1
13,Okanagan,Interior,2026,3,13,2.9
13,Okanagan,Interior,2026,4,5,1.1
13,Okanagan,Interior,2026,5,12,2.7
13,Okanagan,Interior,2026,6,17,3.8
14,Thompson Cariboo Shuswap,Interior,2025,6,15,5.8
14,Thompson Cariboo Shuswap,Interior,2025,7,5,1.9
14,Thompson Cariboo Shuswap,Interior,2025,8,9,3.5
14,Thompson Cariboo Shuswap,Interior,2025,9,4,1.5
14,Thompson Cariboo Shuswap,Interior,2025,10,13,5.0
14,Thompson Cariboo Shuswap,Interior,2025,11,7,2.7
14,Thompson Cariboo Shuswap,Interior,2025,12,8,3.1
14,Thompson Cariboo Shuswap,Interior,2026,1,4,1.6
14,Thompson Cariboo Shuswap,Interior,2026,2,3,1.2
14,Thompson Cariboo Shuswap,Interior,2026,3,5,2.0
14,Thompson Cariboo Shuswap,Interior,2026,4,8,3.2
14,Thompson Cariboo Shuswap,Interior,2026,5,6,2.4
14,Thompson Cariboo Shuswap,Interior,2026,6,7,2.8
21,Fraser East,Fraser,2025,6,12,3.3
21,Fraser East,Fraser,2025,7,10,2.7
21,Fraser East,Fraser,2025,8,8,2.2
21,Fraser East,Fraser,2025,9,13,3.5
21,Fraser East,Fraser,2025,10,10,2.7
21,Fraser East,Fraser,2025,11,11,3.0
21,Fraser East,Fraser,2025,12,10,2.7
21,Fraser East,Fraser,2026,1,8,2.2
21,Fraser East,Fraser,2026,2,4,1.1
21,Fraser East,Fraser,2026,3,16,4.4
21,Fraser East,Fraser,2026,4,11,3.0
21,Fraser East,Fraser,2026,5,16,4.4
21,Fraser East,Fraser,2026,6,19,5.2
22,Fraser North,Fraser,2025,6,10,1.2
22,Fraser North,Fraser,2025,7,12,1.5
22,Fraser North,Fraser,2025,8,16,2.0
22,Fraser North,Fraser,2025,9,12,1.5
22,Fraser North,Fraser,2025,10,7,0.9
22,Fraser North,Fraser,2025,11,9,1.1
22,Fraser North,Fraser,2025,12,11,1.4
22,Fraser North,Fraser,2026,1,11,1.4
22,Fraser North,Fraser,2026,2,8,1.0
22,Fraser North,Fraser,2026,3,5,0.6
22,Fraser North,Fraser,2026,4,7,0.9
22,Fraser North,Fraser,2026,5,8,1.0
22,Fraser North,Fraser,2026,6,8,1.0
23,Fraser South,Fraser,2025,6,27,2.6
23,Fraser South,Fraser,2025,7,23,2.2
23,Fraser South,Fraser,2025,8,15,1.4
23,Fraser South,Fraser,2025,9,25,2.4
23,Fraser South,Fraser,2025,10,17,1.6
23,Fraser South,Fraser,2025,11,17,1.6
23,Fraser South,Fraser,2025,12,29,2.7
23,Fraser South,Fraser,2026,1,25,2.4
23,Fraser South,Fraser,2026,2,8,0.8
23,Fraser South,Fraser,2026,3,17,1.6
23,Fraser South,Fraser,2026,4,14,1.3
23,Fraser South,Fraser,2026,5,11,1.0
23,Fraser South,Fraser,2026,6,10,0.9
31,Richmond,Vancouver Coastal,2025,6,1,0.4
31,Richmond,Vancouver Coastal,2025,7,2,0.8
31,Richmond,Vancouver Coastal,2025,8,3,1.3
31,Richmond,Vancouver Coastal,2025,9,1,0.4
31,Richmond,Vancouver Coastal,2025,10,2,0.8
31,Richmond,Vancouver Coastal,2025,11,0,0.0
31,Richmond,Vancouver Coastal,2025,12,4,1.7
31,Richmond,Vancouver Coastal,2026,1,2,0.8
31,Richmond,Vancouver Coastal,2026,2,1,0.4
31,Richmond,Vancouver Coastal,2026,3,1,0.4
31,Richmond,Vancouver Coastal,2026,4,1,0.4
31,Richmond,Vancouver Coastal,2026,5,0,0.0
31,Richmond,Vancouver Coastal,2026,6,0,0.0
32,Vancouver,Vancouver Coastal,2025,6,32,4.2
32,Vancouver,Vancouver Coastal,2025,7,36,4.7
32,Vancouver,Vancouver Coastal,2025,8,38,5.0
32,Vancouver,Vancouver Coastal,2025,9,41,5.4
32,Vancouver,Vancouver Coastal,2025,10,37,4.8
32,Vancouver,Vancouver Coastal,2025,11,38,5.0
32,Vancouver,Vancouver Coastal,2025,12,29,3.8
32,Vancouver,Vancouver Coastal,2026,1,32,4.2
32,Vancouver,Vancouver Coastal,2026,2,33,4.3
32,Vancouver,Vancouver Coastal,2026,3,32,4.2
32,Vancouver,Vancouver Coastal,2026,4,35,4.6
32,Vancouver,Vancouver Coastal,2026,5,22,2.9
32,Vancouver,Vancouver Coastal,2026,6,25,3.3
33,North Shore/Coast Garibaldi,Vancouver Coastal,2025,6,2,0.6
33,North Shore/Coast Garibaldi,Vancouver Coastal,2025,7,5,1.5
33,North Shore/Coast Garibaldi,Vancouver Coastal,2025,8,3,0.9
33,North Shore/Coast Garibaldi,Vancouver Coastal,2025,9,3,0.9
33,North Shore/Coast Garibaldi,Vancouver Coastal,2025,10,7,2.1
33,North Shore/Coast Garibaldi,Vancouver Coastal,2025,11,3,0.9
33,North Shore/Coast Garibaldi,Vancouver Coastal,2025,12,3,0.9
33,North Shore/Coast Garibaldi,Vancouver Coastal,2026,1,3,0.9
33,North Shore/Coast Garibaldi,Vancouver Coastal,2026,2,4,1.2
33,North Shore/Coast Garibaldi,Vancouver Coastal,2026,3,3,0.9
33,North Shore/Coast Garibaldi,Vancouver Coastal,2026,4,2,0.6
33,North Shore/Coast Garibaldi,Vancouver Coastal,2026,5,2,0.6
33,North Shore/Coast Garibaldi,Vancouver Coastal,2026,6,2,0.6
41,South Vancouver Island,Island,2025,6,14,3.0
41,South Vancouver Island,Island,2025,7,10,2.2
41,South Vancouver Island,Island,2025,8,12,2.6
41,South Vancouver Island,Island,2025,9,12,2.6
41,South Vancouver Island,Island,2025,10,11,2.4
41,South Vancouver Island,Island,2025,11,9,1.9
41,South Vancouver Island,Island,2025,12,16,3.4
41,South Vancouver Island,Island,2026,1,10,2.2
41,South Vancouver Island,Island,2026,2,10,2.2
41,South Vancouver Island,Island,2026,3,16,3.5
41,South Vancouver Island,Island,2026,4,9,2.0
41,South Vancouver Island,Island,2026,5,9,2.0
41,South Vancouver Island,Island,2026,6,9,2.0
42,Central Vancouver Island,Island,2025,6,10,3.1
42,Central Vancouver Island,Island,2025,7,16,5.0
42,Central Vancouver Island,Island,2025,8,14,4.4
42,Central Vancouver Island,Island,2025,9,12,3.7
42,Central Vancouver Island,Island,2025,10,11,3.4
42,Central Vancouver Island,Island,2025,11,10,3.1
42,Central Vancouver Island,Island,2025,12,10,3.1
42,Central Vancouver Island,Island,2026,1,16,5.1
42,Central Vancouver Island,Island,2026,2,17,5.4
42,Central Vancouver Island,Island,2026,3,11,3.5
42,Central Vancouver Island,Island,2026,4,15,4.7
42,Central Vancouver Island,Island,2026,5,9,2.8
42,Central Vancouver Island,Island,2026,6,13,4.1
43,North Vancouver Island,Island,2025,6,6,4.2
43,North Vancouver Island,Island,2025,7,5,3.5
43,North Vancouver Island,Island,2025,8,3,2.1
43,North Vancouver Island,Island,2025,9,9,6.3
43,North Vancouver Island,Island,2025,10,6,4.2
43,North Vancouver Island,Island,2025,11,4,2.8
43,North Vancouver Island,Island,2025,12,4,2.8
43,North Vancouver Island,Island,2026,1,3,2.1
43,North Vancouver Island,Island,2026,2,3,2.1
43,North Vancouver Island,Island,2026,3,5,3.5
43,North Vancouver Island,Island,2026,4,1,0.7
43,North Vancouver Island,Island,2026,5,5,3.5
43,North Vancouver Island,Island,2026,6,4,2.8
51,Northwest,Northern,2025,6,0,0.0
51,Northwest,Northern,2025,7,3,3.8
51,Northwest,Northern,2025,8,5,6.3
51,Northwest,Northern,2025,9,1,1.3
51,Northwest,Northern,2025,10,2,2.5
51,Northwest,Northern,2025,11,3,3.8
51,Northwest,Northern,2025,12,1,1.3
51,Northwest,Northern,2026,1,2,2.6
51,Northwest,Northern,2026,2,1,1.3
51,Northwest,Northern,2026,3,3,3.8
51,Northwest,Northern,2026,4,4,5.1
51,Northwest,Northern,2026,5,1,1.3
51,Northwest,Northern,2026,6,3,3.8
52,Northern Interior,Northern,2025,6,5,3.2
52,Northern Interior,Northern,2025,7,5,3.2
52,Northern Interior,Northern,2025,8,11,7.1
52,Northern Interior,Northern,2025,9,10,6.5
52,Northern Interior,Northern,2025,10,9,5.8
52,Northern Interior,Northern,2025,11,7,4.5
52,Northern Interior,Northern,2025,12,10,6.5
52,Northern Interior,Northern,2026,1,8,5.3
52,Northern Interior,Northern,2026,2,10,6.6
52,Northern Interior,Northern,2026,3,6,3.9
52,Northern Interior,Northern,2026,4,4,2.6
52,Northern Interior,Northern,2026,5,5,3.3
52,Northern Interior,Northern,2026,6,11,7.2
53,Northeast,Northern,2025,6,1,1.4
53,Northeast,Northern,2025,7,2,2.8
53,Northeast,Northern,2025,8,1,1.4
53,Northeast,Northern,2025,9,3,4.2
53,Northeast,Northern,2025,10,2,2.8
53,Northeast,Northern,2025,11,4,5.5
53,Northeast,Northern,2025,12,2,2.8
53,Northeast,Northern,2026,1,3,4.2
53,Northeast,Northern,2026,2,1,1.4
53,Northeast,Northern,2026,3,2,2.8
53,Northeast,Northern,2026,4,2,2.8
53,Northeast,Northern,2026,5,4,5.6
53,Northeast,Northern,2026,6,3,4.2
