hsda_code,hsda,health_authority,lha,year,months_covered,deaths,rate_per_100k,rate_annualized,value_status,row_note
11,East Kootenay,Interior,Fernie,2016,12,2,12.4,no,,
11,East Kootenay,Interior,Fernie,2017,12,0,0.0,no,,
11,East Kootenay,Interior,Fernie,2018,12,0,0.0,no,,
11,East Kootenay,Interior,Fernie,2019,12,1,5.8,no,,
11,East Kootenay,Interior,Fernie,2020,12,3,17.1,no,,
11,East Kootenay,Interior,Fernie,2021,12,0,0.0,no,,
11,East Kootenay,Interior,Fernie,2022,12,1,5.5,no,,
11,East Kootenay,Interior,Fernie,2023,12,1,5.4,no,,
11,East Kootenay,Interior,Fernie,2024,12,1,5.3,no,,
11,East Kootenay,Interior,Fernie,2025,12,2,10.5,no,,
11,East Kootenay,Interior,Fernie,2026,6,,,yes,blank in source (suppressed),
11,East Kootenay,Interior,Cranbrook,2016,12,2,7.3,no,,
11,East Kootenay,Interior,Cranbrook,2017,12,3,11.0,no,,
11,East Kootenay,Interior,Cranbrook,2018,12,2,7.3,no,,
11,East Kootenay,Interior,Cranbrook,2019,12,0,0.0,no,,
11,East Kootenay,Interior,Cranbrook,2020,12,10,35.5,no,,
11,East Kootenay,Interior,Cranbrook,2021,12,16,56.3,no,,
11,East Kootenay,Interior,Cranbrook,2022,12,11,38.1,no,,
11,East Kootenay,Interior,Cranbrook,2023,12,20,67.6,no,,
11,East Kootenay,Interior,Cranbrook,2024,12,15,50.1,no,,
11,East Kootenay,Interior,Cranbrook,2025,12,10,33.5,no,,
11,East Kootenay,Interior,Cranbrook,2026,6,6,41.1,yes,,
11,East Kootenay,Interior,Kimberley,2016,12,3,31.4,no,,
11,East Kootenay,Interior,Kimberley,2017,12,0,0.0,no,,
11,East Kootenay,Interior,Kimberley,2018,12,2,20.6,no,,
11,East Kootenay,Interior,Kimberley,2019,12,0,0.0,no,,
11,East Kootenay,Interior,Kimberley,2020,12,0,0.0,no,,
11,East Kootenay,Interior,Kimberley,2021,12,2,19.7,no,,
11,East Kootenay,Interior,Kimberley,2022,12,0,0.0,no,,
11,East Kootenay,Interior,Kimberley,2023,12,1,9.4,no,,
11,East Kootenay,Interior,Kimberley,2024,12,3,27.7,no,,
11,East Kootenay,Interior,Kimberley,2025,12,0,0.0,no,,
11,East Kootenay,Interior,Kimberley,2026,6,0,0.0,yes,,
11,East Kootenay,Interior,Windermere,2016,12,4,40.5,no,,
11,East Kootenay,Interior,Windermere,2017,12,3,29.1,no,,
11,East Kootenay,Interior,Windermere,2018,12,1,9.4,no,,
11,East Kootenay,Interior,Windermere,2019,12,0,0.0,no,,
11,East Kootenay,Interior,Windermere,2020,12,3,25.8,no,,
11,East Kootenay,Interior,Windermere,2021,12,1,8.2,no,,
11,East Kootenay,Interior,Windermere,2022,12,1,8.1,no,,
11,East Kootenay,Interior,Windermere,2023,12,1,7.9,no,,
11,East Kootenay,Interior,Windermere,2024,12,1,7.8,no,,
11,East Kootenay,Interior,Windermere,2025,12,0,0.0,no,,
11,East Kootenay,Interior,Windermere,2026,6,1,15.5,yes,,
11,East Kootenay,Interior,Creston,2016,12,1,7.7,no,,
11,East Kootenay,Interior,Creston,2017,12,0,0.0,no,,
11,East Kootenay,Interior,Creston,2018,12,0,0.0,no,,
11,East Kootenay,Interior,Creston,2019,12,0,0.0,no,,
11,East Kootenay,Interior,Creston,2020,12,1,7.4,no,,
11,East Kootenay,Interior,Creston,2021,12,3,22.2,no,,
11,East Kootenay,Interior,Creston,2022,12,3,21.5,no,,
11,East Kootenay,Interior,Creston,2023,12,1,7.1,no,,
11,East Kootenay,Interior,Creston,2024,12,4,27.8,no,,
11,East Kootenay,Interior,Creston,2025,12,3,20.8,no,,
11,East Kootenay,Interior,Creston,2026,6,0,0.0,yes,,
11,East Kootenay,Interior,Golden,2016,12,1,14.0,no,,
11,East Kootenay,Interior,Golden,2017,12,1,13.8,no,,
11,East Kootenay,Interior,Golden,2018,12,1,13.6,no,,
11,East Kootenay,Interior,Golden,2019,12,0,0.0,no,,
11,East Kootenay,Interior,Golden,2020,12,1,13.3,no,,
11,East Kootenay,Interior,Golden,2021,12,2,26.1,no,,
11,East Kootenay,Interior,Golden,2022,12,3,38.3,no,,
11,East Kootenay,Interior,Golden,2023,12,2,24.9,no,,
11,East Kootenay,Interior,Golden,2024,12,0,0.0,no,,
11,East Kootenay,Interior,Golden,2025,12,1,12.3,no,,
11,East Kootenay,Interior,Golden,2026,6,,,yes,blank in source (suppressed),
12,Kootenay Boundary,Interior,Kootenay Lake,2016,12,0,0.0,no,,
12,Kootenay Boundary,Interior,Kootenay Lake,2017,12,0,0.0,no,,
12,Kootenay Boundary,Interior,Kootenay Lake,2018,12,0,0.0,no,,
12,Kootenay Boundary,Interior,Kootenay Lake,2019,12,0,0.0,no,,
12,Kootenay Boundary,Interior,Kootenay Lake,2020,12,1,27.6,no,,
12,Kootenay Boundary,Interior,Kootenay Lake,2021,12,1,27.3,no,,
12,Kootenay Boundary,Interior,Kootenay Lake,2022,12,0,0.0,no,,
12,Kootenay Boundary,Interior,Kootenay Lake,2023,12,1,26.0,no,,
12,Kootenay Boundary,Interior,Kootenay Lake,2024,12,0,0.0,no,,
12,Kootenay Boundary,Interior,Kootenay Lake,2025,12,1,25.1,no,,
12,Kootenay Boundary,Interior,Kootenay Lake,2026,6,,,yes,blank in source (suppressed),
12,Kootenay Boundary,Interior,Nelson,2016,12,5,18.9,no,,
12,Kootenay Boundary,Interior,Nelson,2017,12,4,15.0,no,,
12,Kootenay Boundary,Interior,Nelson,2018,12,2,7.4,no,,
12,Kootenay Boundary,Interior,Nelson,2019,12,2,7.3,no,,
12,Kootenay Boundary,Interior,Nelson,2020,12,7,25.4,no,,
12,Kootenay Boundary,Interior,Nelson,2021,12,7,25.2,no,,
12,Kootenay Boundary,Interior,Nelson,2022,12,12,43.0,no,,
12,Kootenay Boundary,Interior,Nelson,2023,12,16,55.9,no,,
12,Kootenay Boundary,Interior,Nelson,2024,12,10,34.5,no,,
12,Kootenay Boundary,Interior,Nelson,2025,12,8,27.5,no,,
12,Kootenay Boundary,Interior,Nelson,2026,6,6,42.1,yes,,
12,Kootenay Boundary,Interior,Castlegar,2016,12,3,21.1,no,,
12,Kootenay Boundary,Interior,Castlegar,2017,12,2,13.9,no,,
12,Kootenay Boundary,Interior,Castlegar,2018,12,0,0.0,no,,
12,Kootenay Boundary,Interior,Castlegar,2019,12,5,33.9,no,,
12,Kootenay Boundary,Interior,Castlegar,2020,12,3,20.1,no,,
12,Kootenay Boundary,Interior,Castlegar,2021,12,6,40.0,no,,
12,Kootenay Boundary,Interior,Castlegar,2022,12,6,38.8,no,,
12,Kootenay Boundary,Interior,Castlegar,2023,12,4,25.7,no,,
12,Kootenay Boundary,Interior,Castlegar,2024,12,7,44.0,no,,
12,Kootenay Boundary,Interior,Castlegar,2025,12,6,37.2,no,,
12,Kootenay Boundary,Interior,Castlegar,2026,6,3,37.8,yes,,
12,Kootenay Boundary,Interior,Arrow Lakes,2016,12,0,0.0,no,,
12,Kootenay Boundary,Interior,Arrow Lakes,2017,12,1,21.0,no,,
12,Kootenay Boundary,Interior,Arrow Lakes,2018,12,2,41.5,no,,
12,Kootenay Boundary,Interior,Arrow Lakes,2019,12,1,20.9,no,,
12,Kootenay Boundary,Interior,Arrow Lakes,2020,12,2,41.2,no,,
12,Kootenay Boundary,Interior,Arrow Lakes,2021,12,1,20.4,no,,
12,Kootenay Boundary,Interior,Arrow Lakes,2022,12,2,40.3,no,,
12,Kootenay Boundary,Interior,Arrow Lakes,2023,12,1,19.7,no,,
12,Kootenay Boundary,Interior,Arrow Lakes,2024,12,1,19.4,no,,
12,Kootenay Boundary,Interior,Arrow Lakes,2025,12,2,38.4,no,,
12,Kootenay Boundary,Interior,Arrow Lakes,2026,6,1,39.4,yes,,
12,Kootenay Boundary,Interior,Trail,2016,12,2,10.0,no,,
12,Kootenay Boundary,Interior,Trail,2017,12,5,24.8,no,,
12,Kootenay Boundary,Interior,Trail,2018,12,2,9.8,no,,
12,Kootenay Boundary,Interior,Trail,2019,12,3,14.6,no,,
12,Kootenay Boundary,Interior,Trail,2020,12,4,19.4,no,,
12,Kootenay Boundary,Interior,Trail,2021,12,6,28.7,no,,
12,Kootenay Boundary,Interior,Trail,2022,12,5,23.7,no,,
12,Kootenay Boundary,Interior,Trail,2023,12,11,52.4,no,,
12,Kootenay Boundary,Interior,Trail,2024,12,13,61.6,no,,
12,Kootenay Boundary,Interior,Trail,2025,12,11,51.9,no,,
12,Kootenay Boundary,Interior,Trail,2026,6,9,86.5,yes,,
12,Kootenay Boundary,Interior,Grand Forks,2016,12,0,0.0,no,,
12,Kootenay Boundary,Interior,Grand Forks,2017,12,4,44.5,no,,
12,Kootenay Boundary,Interior,Grand Forks,2018,12,9,100.0,no,,
12,Kootenay Boundary,Interior,Grand Forks,2019,12,3,33.3,no,,
12,Kootenay Boundary,Interior,Grand Forks,2020,12,3,33.4,no,,
12,Kootenay Boundary,Interior,Grand Forks,2021,12,5,54.0,no,,
12,Kootenay Boundary,Interior,Grand Forks,2022,12,4,42.6,no,,
12,Kootenay Boundary,Interior,Grand Forks,2023,12,6,63.4,no,,
12,Kootenay Boundary,Interior,Grand Forks,2024,12,9,94.2,no,,
12,Kootenay Boundary,Interior,Grand Forks,2025,12,3,31.5,no,,
12,Kootenay Boundary,Interior,Grand Forks,2026,6,3,64.3,yes,,
12,Kootenay Boundary,Interior,Kettle Valley,2016,12,1,27.7,no,,
12,Kootenay Boundary,Interior,Kettle Valley,2017,12,1,26.8,no,,
12,Kootenay Boundary,Interior,Kettle Valley,2018,12,0,0.0,no,,
12,Kootenay Boundary,Interior,Kettle Valley,2019,12,0,0.0,no,,
12,Kootenay Boundary,Interior,Kettle Valley,2020,12,2,46.5,no,,
12,Kootenay Boundary,Interior,Kettle Valley,2021,12,3,67.0,no,,
12,Kootenay Boundary,Interior,Kettle Valley,2022,12,2,44.0,no,,
12,Kootenay Boundary,Interior,Kettle Valley,2023,12,2,42.5,no,,
12,Kootenay Boundary,Interior,Kettle Valley,2024,12,2,41.8,no,,
12,Kootenay Boundary,Interior,Kettle Valley,2025,12,0,0.0,no,,
12,Kootenay Boundary,Interior,Kettle Valley,2026,6,,,yes,blank in source (suppressed),
13,Okanagan,Interior,Southern Okanagan,2016,12,1,5.0,no,,
13,Okanagan,Interior,Southern Okanagan,2017,12,3,14.6,no,,
13,Okanagan,Interior,Southern Okanagan,2018,12,6,28.6,no,,
13,Okanagan,Interior,Southern Okanagan,2019,12,2,9.3,no,,
13,Okanagan,Interior,Southern Okanagan,2020,12,3,13.7,no,,
13,Okanagan,Interior,Southern Okanagan,2021,12,4,18.0,no,,
13,Okanagan,Interior,Southern Okanagan,2022,12,10,44.6,no,,
13,Okanagan,Interior,Southern Okanagan,2023,12,9,40.0,no,,
13,Okanagan,Interior,Southern Okanagan,2024,12,6,26.7,no,,
13,Okanagan,Interior,Southern Okanagan,2025,12,8,35.7,no,,
13,Okanagan,Interior,Southern Okanagan,2026,6,3,27.4,yes,,
13,Okanagan,Interior,Penticton,2016,12,7,16.3,no,,
13,Okanagan,Interior,Penticton,2017,12,17,38.8,no,,
13,Okanagan,Interior,Penticton,2018,12,16,35.5,no,,
13,Okanagan,Interior,Penticton,2019,12,22,48.1,no,,
13,Okanagan,Interior,Penticton,2020,12,17,36.9,no,,
13,Okanagan,Interior,Penticton,2021,12,28,60.0,no,,
13,Okanagan,Interior,Penticton,2022,12,31,65.8,no,,
13,Okanagan,Interior,Penticton,2023,12,25,53.0,no,,
13,Okanagan,Interior,Penticton,2024,12,29,61.5,no,,
13,Okanagan,Interior,Penticton,2025,12,15,31.5,no,,
13,Okanagan,Interior,Penticton,2026,6,6,25.7,yes,,
13,Okanagan,Interior,Keremeos,2016,12,0,0.0,no,,
13,Okanagan,Interior,Keremeos,2017,12,3,54.7,no,,
13,Okanagan,Interior,Keremeos,2018,12,3,54.1,no,,
13,Okanagan,Interior,Keremeos,2019,12,2,35.9,no,,
13,Okanagan,Interior,Keremeos,2020,12,4,70.7,no,,
13,Okanagan,Interior,Keremeos,2021,12,2,34.3,no,,
13,Okanagan,Interior,Keremeos,2022,12,4,67.5,no,,
13,Okanagan,Interior,Keremeos,2023,12,1,16.7,no,,
13,Okanagan,Interior,Keremeos,2024,12,3,49.7,no,,
13,Okanagan,Interior,Keremeos,2025,12,2,33.5,no,,
13,Okanagan,Interior,Keremeos,2026,6,1,34.4,yes,,
13,Okanagan,Interior,Princeton,2016,12,0,0.0,no,,
13,Okanagan,Interior,Princeton,2017,12,6,122.7,no,,
13,Okanagan,Interior,Princeton,2018,12,5,100.8,no,,
13,Okanagan,Interior,Princeton,2019,12,1,19.9,no,,
13,Okanagan,Interior,Princeton,2020,12,3,57.4,no,,
13,Okanagan,Interior,Princeton,2021,12,3,56.6,no,,
13,Okanagan,Interior,Princeton,2022,12,1,18.9,no,,
13,Okanagan,Interior,Princeton,2023,12,3,55.7,no,,
13,Okanagan,Interior,Princeton,2024,12,2,36.7,no,,
13,Okanagan,Interior,Princeton,2025,12,1,18.4,no,,
13,Okanagan,Interior,Princeton,2026,6,2,74.8,yes,,
13,Okanagan,Interior,Armstrong/Spallumcheen,2016,12,1,9.4,no,,
13,Okanagan,Interior,Armstrong/Spallumcheen,2017,12,0,0.0,no,,
13,Okanagan,Interior,Armstrong/Spallumcheen,2018,12,1,9.2,no,,
13,Okanagan,Interior,Armstrong/Spallumcheen,2019,12,0,0.0,no,,
13,Okanagan,Interior,Armstrong/Spallumcheen,2020,12,3,27.6,no,,
13,Okanagan,Interior,Armstrong/Spallumcheen,2021,12,2,18.2,no,,
13,Okanagan,Interior,Armstrong/Spallumcheen,2022,12,1,8.8,no,,
13,Okanagan,Interior,Armstrong/Spallumcheen,2023,12,1,8.7,no,,
13,Okanagan,Interior,Armstrong/Spallumcheen,2024,12,1,8.8,no,,
13,Okanagan,Interior,Armstrong/Spallumcheen,2025,12,3,26.2,no,,
13,Okanagan,Interior,Armstrong/Spallumcheen,2026,6,0,0.0,yes,,
13,Okanagan,Interior,Vernon,2016,12,14,20.2,no,,
13,Okanagan,Interior,Vernon,2017,12,30,42.4,no,,
13,Okanagan,Interior,Vernon,2018,12,24,33.4,no,,
13,Okanagan,Interior,Vernon,2019,12,14,19.1,no,,
13,Okanagan,Interior,Vernon,2020,12,30,40.2,no,,
13,Okanagan,Interior,Vernon,2021,12,43,56.7,no,,
13,Okanagan,Interior,Vernon,2022,12,52,67.3,no,,
13,Okanagan,Interior,Vernon,2023,12,59,75.0,no,,
13,Okanagan,Interior,Vernon,2024,12,45,56.6,no,,
13,Okanagan,Interior,Vernon,2025,12,29,36.3,no,,
13,Okanagan,Interior,Vernon,2026,6,12,30.5,yes,,
13,Okanagan,Interior,Central Okanagan,2016,12,54,26.5,no,,
13,Okanagan,Interior,Central Okanagan,2017,12,90,43.1,no,,
13,Okanagan,Interior,Central Okanagan,2018,12,66,30.7,no,,
13,Okanagan,Interior,Central Okanagan,2019,12,42,19.1,no,,
13,Okanagan,Interior,Central Okanagan,2020,12,80,35.4,no,,
13,Okanagan,Interior,Central Okanagan,2021,12,84,36.2,no,,
13,Okanagan,Interior,Central Okanagan,2022,12,96,40.0,no,,
13,Okanagan,Interior,Central Okanagan,2023,12,118,48.0,no,,
13,Okanagan,Interior,Central Okanagan,2024,12,109,43.3,no,,
13,Okanagan,Interior,Central Okanagan,2025,12,102,40.1,no,,
13,Okanagan,Interior,Central Okanagan,2026,6,46,36.5,yes,,
13,Okanagan,Interior,Summerland,2016,12,0,0.0,no,,
13,Okanagan,Interior,Summerland,2017,12,4,31.8,no,,
13,Okanagan,Interior,Summerland,2018,12,2,15.8,no,,
13,Okanagan,Interior,Summerland,2019,12,1,7.9,no,,
13,Okanagan,Interior,Summerland,2020,12,2,15.6,no,,
13,Okanagan,Interior,Summerland,2021,12,0,0.0,no,,
13,Okanagan,Interior,Summerland,2022,12,3,22.9,no,,
13,Okanagan,Interior,Summerland,2023,12,4,30.9,no,,
13,Okanagan,Interior,Summerland,2024,12,3,23.2,no,,
13,Okanagan,Interior,Summerland,2025,12,4,31.0,no,,
13,Okanagan,Interior,Summerland,2026,6,0,0.0,yes,,
13,Okanagan,Interior,Enderby,2016,12,1,13.3,no,,
13,Okanagan,Interior,Enderby,2017,12,1,13.1,no,,
13,Okanagan,Interior,Enderby,2018,12,4,51.5,no,,
13,Okanagan,Interior,Enderby,2019,12,0,0.0,no,,
13,Okanagan,Interior,Enderby,2020,12,5,62.4,no,,
13,Okanagan,Interior,Enderby,2021,12,6,74.0,no,,
13,Okanagan,Interior,Enderby,2022,12,2,23.9,no,,
13,Okanagan,Interior,Enderby,2023,12,3,35.6,no,,
13,Okanagan,Interior,Enderby,2024,12,2,23.3,no,,
13,Okanagan,Interior,Enderby,2025,12,2,22.8,no,,
13,Okanagan,Interior,Enderby,2026,6,0,0.0,yes,,
14,Thompson Cariboo Shuswap,Interior,Revelstoke,2016,12,0,0.0,no,,
14,Thompson Cariboo Shuswap,Interior,Revelstoke,2017,12,0,0.0,no,,
14,Thompson Cariboo Shuswap,Interior,Revelstoke,2018,12,5,57.1,no,,
14,Thompson Cariboo Shuswap,Interior,Revelstoke,2019,12,0,0.0,no,,
14,Thompson Cariboo Shuswap,Interior,Revelstoke,2020,12,4,43.6,no,,
14,Thompson Cariboo Shuswap,Interior,Revelstoke,2021,12,4,43.4,no,,
14,Thompson Cariboo Shuswap,Interior,Revelstoke,2022,12,4,43.2,no,,
14,Thompson Cariboo Shuswap,Interior,Revelstoke,2023,12,3,31.8,no,,
14,Thompson Cariboo Shuswap,Interior,Revelstoke,2024,12,3,30.3,no,,
14,Thompson Cariboo Shuswap,Interior,Revelstoke,2025,12,2,20.0,no,,
14,Thompson Cariboo Shuswap,Interior,Revelstoke,2026,6,0,0.0,yes,,
14,Thompson Cariboo Shuswap,Interior,Salmon Arm,2016,12,4,11.5,no,,
14,Thompson Cariboo Shuswap,Interior,Salmon Arm,2017,12,5,14.0,no,,
14,Thompson Cariboo Shuswap,Interior,Salmon Arm,2018,12,6,16.5,no,,
14,Thompson Cariboo Shuswap,Interior,Salmon Arm,2019,12,3,8.1,no,,
14,Thompson Cariboo Shuswap,Interior,Salmon Arm,2020,12,9,24.0,no,,
14,Thompson Cariboo Shuswap,Interior,Salmon Arm,2021,12,18,46.9,no,,
14,Thompson Cariboo Shuswap,Interior,Salmon Arm,2022,12,13,32.9,no,,
14,Thompson Cariboo Shuswap,Interior,Salmon Arm,2023,12,21,52.2,no,,
14,Thompson Cariboo Shuswap,Interior,Salmon Arm,2024,12,9,22.3,no,,
14,Thompson Cariboo Shuswap,Interior,Salmon Arm,2025,12,10,24.7,no,,
14,Thompson Cariboo Shuswap,Interior,Salmon Arm,2026,6,2,10.1,yes,,
14,Thompson Cariboo Shuswap,Interior,Kamloops,2016,12,49,41.4,no,,
14,Thompson Cariboo Shuswap,Interior,Kamloops,2017,12,41,33.8,no,,
14,Thompson Cariboo Shuswap,Interior,Kamloops,2018,12,51,40.8,no,,
14,Thompson Cariboo Shuswap,Interior,Kamloops,2019,12,28,22.0,no,,
14,Thompson Cariboo Shuswap,Interior,Kamloops,2020,12,66,51.1,no,,
14,Thompson Cariboo Shuswap,Interior,Kamloops,2021,12,83,63.6,no,,
14,Thompson Cariboo Shuswap,Interior,Kamloops,2022,12,98,73.5,no,,
14,Thompson Cariboo Shuswap,Interior,Kamloops,2023,12,94,68.9,no,,
14,Thompson Cariboo Shuswap,Interior,Kamloops,2024,12,96,69.3,no,,
14,Thompson Cariboo Shuswap,Interior,Kamloops,2025,12,58,41.9,no,,
14,Thompson Cariboo Shuswap,Interior,Kamloops,2026,6,19,28.0,yes,,
14,Thompson Cariboo Shuswap,Interior,100 Mile House,2016,12,0,0.0,no,,
14,Thompson Cariboo Shuswap,Interior,100 Mile House,2017,12,1,6.6,no,,
14,Thompson Cariboo Shuswap,Interior,100 Mile House,2018,12,3,19.9,no,,
14,Thompson Cariboo Shuswap,Interior,100 Mile House,2019,12,2,13.2,no,,
14,Thompson Cariboo Shuswap,Interior,100 Mile House,2020,12,2,13.0,no,,
14,Thompson Cariboo Shuswap,Interior,100 Mile House,2021,12,6,38.6,no,,
14,Thompson Cariboo Shuswap,Interior,100 Mile House,2022,12,3,18.7,no,,
14,Thompson Cariboo Shuswap,Interior,100 Mile House,2023,12,3,18.5,no,,
14,Thompson Cariboo Shuswap,Interior,100 Mile House,2024,12,4,24.3,no,,
14,Thompson Cariboo Shuswap,Interior,100 Mile House,2025,12,7,42.0,no,,
14,Thompson Cariboo Shuswap,Interior,100 Mile House,2026,6,2,24.3,yes,,
14,Thompson Cariboo Shuswap,Interior,North Thompson,2016,12,0,0.0,no,,
14,Thompson Cariboo Shuswap,Interior,North Thompson,2017,12,1,23.5,no,,
14,Thompson Cariboo Shuswap,Interior,North Thompson,2018,12,2,46.3,no,,
14,Thompson Cariboo Shuswap,Interior,North Thompson,2019,12,1,23.2,no,,
14,Thompson Cariboo Shuswap,Interior,North Thompson,2020,12,2,46.2,no,,
14,Thompson Cariboo Shuswap,Interior,North Thompson,2021,12,6,139.0,no,,
14,Thompson Cariboo Shuswap,Interior,North Thompson,2022,12,2,45.4,no,,
14,Thompson Cariboo Shuswap,Interior,North Thompson,2023,12,3,67.8,no,,
14,Thompson Cariboo Shuswap,Interior,North Thompson,2024,12,2,44.0,no,,
14,Thompson Cariboo Shuswap,Interior,North Thompson,2025,12,2,44.3,no,,
14,Thompson Cariboo Shuswap,Interior,North Thompson,2026,6,1,45.2,yes,,
14,Thompson Cariboo Shuswap,Interior,Cariboo/Chilcotin,2016,12,4,15.5,no,,
14,Thompson Cariboo Shuswap,Interior,Cariboo/Chilcotin,2017,12,7,27.1,no,,
14,Thompson Cariboo Shuswap,Interior,Cariboo/Chilcotin,2018,12,9,34.4,no,,
14,Thompson Cariboo Shuswap,Interior,Cariboo/Chilcotin,2019,12,3,11.4,no,,
14,Thompson Cariboo Shuswap,Interior,Cariboo/Chilcotin,2020,12,10,38.0,no,,
14,Thompson Cariboo Shuswap,Interior,Cariboo/Chilcotin,2021,12,11,41.5,no,,
14,Thompson Cariboo Shuswap,Interior,Cariboo/Chilcotin,2022,12,19,71.8,no,,
14,Thompson Cariboo Shuswap,Interior,Cariboo/Chilcotin,2023,12,13,48.9,no,,
14,Thompson Cariboo Shuswap,Interior,Cariboo/Chilcotin,2024,12,19,71.5,no,,
14,Thompson Cariboo Shuswap,Interior,Cariboo/Chilcotin,2025,12,15,56.4,no,,
14,Thompson Cariboo Shuswap,Interior,Cariboo/Chilcotin,2026,6,4,30.8,yes,,
14,Thompson Cariboo Shuswap,Interior,Lillooet and South Cariboo,2016,12,2,18.5,no,,
14,Thompson Cariboo Shuswap,Interior,Lillooet and South Cariboo,2017,12,3,27.6,no,,
14,Thompson Cariboo Shuswap,Interior,Lillooet and South Cariboo,2018,12,4,36.6,no,,
14,Thompson Cariboo Shuswap,Interior,Lillooet and South Cariboo,2019,12,1,9.2,no,,
14,Thompson Cariboo Shuswap,Interior,Lillooet and South Cariboo,2020,12,4,37.0,no,,
14,Thompson Cariboo Shuswap,Interior,Lillooet and South Cariboo,2021,12,7,64.5,no,,
14,Thompson Cariboo Shuswap,Interior,Lillooet and South Cariboo,2022,12,5,45.4,no,,
14,Thompson Cariboo Shuswap,Interior,Lillooet and South Cariboo,2023,12,5,44.6,no,,
14,Thompson Cariboo Shuswap,Interior,Lillooet and South Cariboo,2024,12,6,54.0,no,,
14,Thompson Cariboo Shuswap,Interior,Lillooet and South Cariboo,2025,12,6,54.9,no,,
14,Thompson Cariboo Shuswap,Interior,Lillooet and South Cariboo,2026,6,0,0.0,yes,,
14,Thompson Cariboo Shuswap,Interior,Merritt,2016,12,8,71.1,no,,
14,Thompson Cariboo Shuswap,Interior,Merritt,2017,12,9,79.8,no,,
14,Thompson Cariboo Shuswap,Interior,Merritt,2018,12,5,43.8,no,,
14,Thompson Cariboo Shuswap,Interior,Merritt,2019,12,3,26.1,no,,
14,Thompson Cariboo Shuswap,Interior,Merritt,2020,12,2,17.6,no,,
14,Thompson Cariboo Shuswap,Interior,Merritt,2021,12,14,123.9,no,,
14,Thompson Cariboo Shuswap,Interior,Merritt,2022,12,11,97.5,no,,
14,Thompson Cariboo Shuswap,Interior,Merritt,2023,12,7,61.5,no,,
14,Thompson Cariboo Shuswap,Interior,Merritt,2024,12,5,43.7,no,,
14,Thompson Cariboo Shuswap,Interior,Merritt,2025,12,5,44.4,no,,
14,Thompson Cariboo Shuswap,Interior,Merritt,2026,6,5,91.1,yes,,
21,Fraser East,Fraser,Hope,2016,12,2,23.9,no,,
21,Fraser East,Fraser,Hope,2017,12,4,46.8,no,,
21,Fraser East,Fraser,Hope,2018,12,3,34.4,no,,
21,Fraser East,Fraser,Hope,2019,12,5,56.1,no,,
21,Fraser East,Fraser,Hope,2020,12,7,79.2,no,,
21,Fraser East,Fraser,Hope,2021,12,9,99.9,no,,
21,Fraser East,Fraser,Hope,2022,12,8,87.6,no,,
21,Fraser East,Fraser,Hope,2023,12,12,135.3,no,,
21,Fraser East,Fraser,Hope,2024,12,8,86.0,no,,
21,Fraser East,Fraser,Hope,2025,12,4,42.3,no,,
21,Fraser East,Fraser,Hope,2026,6,2,43.0,yes,,
21,Fraser East,Fraser,Chilliwack,2016,12,15,15.4,no,,
21,Fraser East,Fraser,Chilliwack,2017,12,25,24.9,no,,
21,Fraser East,Fraser,Chilliwack,2018,12,38,36.7,no,,
21,Fraser East,Fraser,Chilliwack,2019,12,22,20.8,no,,
21,Fraser East,Fraser,Chilliwack,2020,12,38,35.4,no,,
21,Fraser East,Fraser,Chilliwack,2021,12,66,60.5,no,,
21,Fraser East,Fraser,Chilliwack,2022,12,52,46.7,no,,
21,Fraser East,Fraser,Chilliwack,2023,12,60,52.9,no,,
21,Fraser East,Fraser,Chilliwack,2024,12,41,34.8,no,,
21,Fraser East,Fraser,Chilliwack,2025,12,38,31.7,no,,
21,Fraser East,Fraser,Chilliwack,2026,6,25,41.8,yes,,
21,Fraser East,Fraser,Abbotsford,2016,12,40,27.0,no,,
21,Fraser East,Fraser,Abbotsford,2017,12,53,35.1,no,,
21,Fraser East,Fraser,Abbotsford,2018,12,41,26.6,no,,
21,Fraser East,Fraser,Abbotsford,2019,12,44,27.9,no,,
21,Fraser East,Fraser,Abbotsford,2020,12,64,40.1,no,,
21,Fraser East,Fraser,Abbotsford,2021,12,86,53.4,no,,
21,Fraser East,Fraser,Abbotsford,2022,12,92,56.1,no,,
21,Fraser East,Fraser,Abbotsford,2023,12,90,53.3,no,,
21,Fraser East,Fraser,Abbotsford,2024,12,75,43.5,no,,
21,Fraser East,Fraser,Abbotsford,2025,12,78,44.4,no,,
21,Fraser East,Fraser,Abbotsford,2026,6,32,36.6,yes,,
21,Fraser East,Fraser,Mission,2016,12,8,17.7,no,,
21,Fraser East,Fraser,Mission,2017,12,18,38.8,no,,
21,Fraser East,Fraser,Mission,2018,12,13,27.5,no,,
21,Fraser East,Fraser,Mission,2019,12,12,25.1,no,,
21,Fraser East,Fraser,Mission,2020,12,11,23.0,no,,
21,Fraser East,Fraser,Mission,2021,12,18,37.3,no,,
21,Fraser East,Fraser,Mission,2022,12,35,72.1,no,,
21,Fraser East,Fraser,Mission,2023,12,33,65.9,no,,
21,Fraser East,Fraser,Mission,2024,12,26,50.2,no,,
21,Fraser East,Fraser,Mission,2025,12,10,19.0,no,,
21,Fraser East,Fraser,Mission,2026,6,12,46.1,yes,,
21,Fraser East,Fraser,Agassiz/Harrison,2016,12,3,29.7,no,,
21,Fraser East,Fraser,Agassiz/Harrison,2017,12,5,48.7,no,,
21,Fraser East,Fraser,Agassiz/Harrison,2018,12,2,19.0,no,,
21,Fraser East,Fraser,Agassiz/Harrison,2019,12,1,9.4,no,,
21,Fraser East,Fraser,Agassiz/Harrison,2020,12,1,9.4,no,,
21,Fraser East,Fraser,Agassiz/Harrison,2021,12,4,37.4,no,,
21,Fraser East,Fraser,Agassiz/Harrison,2022,12,7,63.9,no,,
21,Fraser East,Fraser,Agassiz/Harrison,2023,12,6,55.0,no,,
21,Fraser East,Fraser,Agassiz/Harrison,2024,12,4,35.0,no,,
21,Fraser East,Fraser,Agassiz/Harrison,2025,12,3,26.4,no,,
21,Fraser East,Fraser,Agassiz/Harrison,2026,6,0,0.0,yes,,
22,Fraser North,Fraser,New Westminster,2016,12,10,13.4,no,,
22,Fraser North,Fraser,New Westminster,2017,12,24,31.5,no,,
22,Fraser North,Fraser,New Westminster,2018,12,35,44.8,no,,
22,Fraser North,Fraser,New Westminster,2019,12,20,25.0,no,,
22,Fraser North,Fraser,New Westminster,2020,12,35,42.6,no,,
22,Fraser North,Fraser,New Westminster,2021,12,48,57.9,no,,
22,Fraser North,Fraser,New Westminster,2022,12,32,37.5,no,,
22,Fraser North,Fraser,New Westminster,2023,12,38,43.1,no,,
22,Fraser North,Fraser,New Westminster,2024,12,37,40.3,no,,
22,Fraser North,Fraser,New Westminster,2025,12,34,36.9,no,,
22,Fraser North,Fraser,New Westminster,2026,6,7,15.2,yes,,
22,Fraser North,Fraser,Burnaby,2016,12,40,16.4,no,,
22,Fraser North,Fraser,Burnaby,2017,12,44,17.9,no,,
22,Fraser North,Fraser,Burnaby,2018,12,49,19.6,no,,
22,Fraser North,Fraser,Burnaby,2019,12,29,11.4,no,,
22,Fraser North,Fraser,Burnaby,2020,12,59,22.8,no,,
22,Fraser North,Fraser,Burnaby,2021,12,80,30.6,no,,
22,Fraser North,Fraser,Burnaby,2022,12,69,25.4,no,,
22,Fraser North,Fraser,Burnaby,2023,12,52,18.3,no,,
22,Fraser North,Fraser,Burnaby,2024,12,58,19.6,no,,
22,Fraser North,Fraser,Burnaby,2025,12,35,11.7,no,,
22,Fraser North,Fraser,Burnaby,2026,6,14,9.4,yes,,
22,Fraser North,Fraser,Maple Ridge/Pitt Meadows,2016,12,32,30.1,no,,
22,Fraser North,Fraser,Maple Ridge/Pitt Meadows,2017,12,35,32.1,no,,
22,Fraser North,Fraser,Maple Ridge/Pitt Meadows,2018,12,30,26.8,no,,
22,Fraser North,Fraser,Maple Ridge/Pitt Meadows,2019,12,16,14.2,no,,
22,Fraser North,Fraser,Maple Ridge/Pitt Meadows,2020,12,41,36.2,no,,
22,Fraser North,Fraser,Maple Ridge/Pitt Meadows,2021,12,50,43.3,no,,
22,Fraser North,Fraser,Maple Ridge/Pitt Meadows,2022,12,38,31.8,no,,
22,Fraser North,Fraser,Maple Ridge/Pitt Meadows,2023,12,53,42.9,no,,
22,Fraser North,Fraser,Maple Ridge/Pitt Meadows,2024,12,42,32.9,no,,
22,Fraser North,Fraser,Maple Ridge/Pitt Meadows,2025,12,41,32.3,no,,
22,Fraser North,Fraser,Maple Ridge/Pitt Meadows,2026,6,17,26.8,yes,,
22,Fraser North,Fraser,Tri-Cities,2016,12,24,9.8,no,,
22,Fraser North,Fraser,Tri-Cities,2017,12,45,18.1,no,,
22,Fraser North,Fraser,Tri-Cities,2018,12,38,15.1,no,,
22,Fraser North,Fraser,Tri-Cities,2019,12,21,8.3,no,,
22,Fraser North,Fraser,Tri-Cities,2020,12,47,18.4,no,,
22,Fraser North,Fraser,Tri-Cities,2021,12,65,25.2,no,,
22,Fraser North,Fraser,Tri-Cities,2022,12,58,21.9,no,,
22,Fraser North,Fraser,Tri-Cities,2023,12,48,17.5,no,,
22,Fraser North,Fraser,Tri-Cities,2024,12,42,14.8,no,,
22,Fraser North,Fraser,Tri-Cities,2025,12,30,10.6,no,,
22,Fraser North,Fraser,Tri-Cities,2026,6,9,6.5,yes,,
23,Fraser South,Fraser,Langley,2016,12,31,20.6,no,,
23,Fraser South,Fraser,Langley,2017,12,37,23.8,no,,
23,Fraser South,Fraser,Langley,2018,12,33,20.7,no,,
23,Fraser South,Fraser,Langley,2019,12,24,14.7,no,,
23,Fraser South,Fraser,Langley,2020,12,37,22.3,no,,
23,Fraser South,Fraser,Langley,2021,12,57,33.7,no,,
23,Fraser South,Fraser,Langley,2022,12,45,25.1,no,,
23,Fraser South,Fraser,Langley,2023,12,46,24.5,no,,
23,Fraser South,Fraser,Langley,2024,12,45,22.7,no,,
23,Fraser South,Fraser,Langley,2025,12,49,24.5,no,,
23,Fraser South,Fraser,Langley,2026,6,19,19.0,yes,,
23,Fraser South,Fraser,Delta,2016,12,12,11.2,no,,
23,Fraser South,Fraser,Delta,2017,12,20,18.4,no,,
23,Fraser South,Fraser,Delta,2018,12,21,19.0,no,,
23,Fraser South,Fraser,Delta,2019,12,14,12.5,no,,
23,Fraser South,Fraser,Delta,2020,12,20,17.5,no,,
23,Fraser South,Fraser,Delta,2021,12,23,19.9,no,,
23,Fraser South,Fraser,Delta,2022,12,26,22.0,no,,
23,Fraser South,Fraser,Delta,2023,12,22,18.0,no,,
23,Fraser South,Fraser,Delta,2024,12,15,11.8,no,,
23,Fraser South,Fraser,Delta,2025,12,19,14.9,no,,
23,Fraser South,Fraser,Delta,2026,6,2,3.2,yes,,
23,Fraser South,Fraser,Surrey,2016,12,115,25.0,no,,
23,Fraser South,Fraser,Surrey,2017,12,174,37.2,no,,
23,Fraser South,Fraser,Surrey,2018,12,197,41.3,no,,
23,Fraser South,Fraser,Surrey,2019,12,113,23.1,no,,
23,Fraser South,Fraser,Surrey,2020,12,206,41.3,no,,
23,Fraser South,Fraser,Surrey,2021,12,266,52.7,no,,
23,Fraser South,Fraser,Surrey,2022,12,228,43.6,no,,
23,Fraser South,Fraser,Surrey,2023,12,222,40.3,no,,
23,Fraser South,Fraser,Surrey,2024,12,214,36.7,no,,
23,Fraser South,Fraser,Surrey,2025,12,175,29.4,no,,
23,Fraser South,Fraser,Surrey,2026,6,61,20.5,yes,,
23,Fraser South,Fraser,South Surrey/White Rock,2016,12,5,4.8,no,,
23,Fraser South,Fraser,South Surrey/White Rock,2017,12,11,10.3,no,,
23,Fraser South,Fraser,South Surrey/White Rock,2018,12,22,20.2,no,,
23,Fraser South,Fraser,South Surrey/White Rock,2019,12,7,6.3,no,,
23,Fraser South,Fraser,South Surrey/White Rock,2020,12,18,15.9,no,,
23,Fraser South,Fraser,South Surrey/White Rock,2021,12,20,17.4,no,,
23,Fraser South,Fraser,South Surrey/White Rock,2022,12,21,17.6,no,,
23,Fraser South,Fraser,South Surrey/White Rock,2023,12,20,15.9,no,,
23,Fraser South,Fraser,South Surrey/White Rock,2024,12,17,12.9,no,,
23,Fraser South,Fraser,South Surrey/White Rock,2025,12,10,7.5,no,,
23,Fraser South,Fraser,South Surrey/White Rock,2026,6,3,4.5,yes,,
31,Richmond,Vancouver Coastal,Richmond,2016,12,14,6.7,no,,
31,Richmond,Vancouver Coastal,Richmond,2017,12,28,13.4,no,,
31,Richmond,Vancouver Coastal,Richmond,2018,12,12,5.6,no,,
31,Richmond,Vancouver Coastal,Richmond,2019,12,14,6.5,no,,
31,Richmond,Vancouver Coastal,Richmond,2020,12,19,8.7,no,,
31,Richmond,Vancouver Coastal,Richmond,2021,12,33,14.9,no,,
31,Richmond,Vancouver Coastal,Richmond,2022,12,28,12.3,no,,
31,Richmond,Vancouver Coastal,Richmond,2023,12,28,11.9,no,,
31,Richmond,Vancouver Coastal,Richmond,2024,12,25,10.3,no,,
31,Richmond,Vancouver Coastal,Richmond,2025,12,23,9.6,no,,
31,Richmond,Vancouver Coastal,Richmond,2026,6,5,4.2,yes,,
32,Vancouver,Vancouver Coastal,Vancouver - City Centre,2016,12,36,27.9,no,,
32,Vancouver,Vancouver Coastal,Vancouver - City Centre,2017,12,84,64.6,no,,
32,Vancouver,Vancouver Coastal,Vancouver - City Centre,2018,12,70,53.1,no,,
32,Vancouver,Vancouver Coastal,Vancouver - City Centre,2019,12,46,34.2,no,,
32,Vancouver,Vancouver Coastal,Vancouver - City Centre,2020,12,65,47.8,no,,
32,Vancouver,Vancouver Coastal,Vancouver - City Centre,2021,12,96,71.2,no,,
32,Vancouver,Vancouver Coastal,Vancouver - City Centre,2022,12,117,85.2,no,,
32,Vancouver,Vancouver Coastal,Vancouver - City Centre,2023,12,128,90.2,no,,
32,Vancouver,Vancouver Coastal,Vancouver - City Centre,2024,12,100,68.9,no,,
32,Vancouver,Vancouver Coastal,Vancouver - City Centre,2025,12,95,66.2,no,,
32,Vancouver,Vancouver Coastal,Vancouver - City Centre,2026,6,27,37.9,yes,,
32,Vancouver,Vancouver Coastal,Vancouver - Centre North,2016,12,139,217.3,no,,
32,Vancouver,Vancouver Coastal,Vancouver - Centre North,2017,12,186,288.5,no,,
32,Vancouver,Vancouver Coastal,Vancouver - Centre North,2018,12,215,328.9,no,,
32,Vancouver,Vancouver Coastal,Vancouver - Centre North,2019,12,148,221.5,no,,
32,Vancouver,Vancouver Coastal,Vancouver - Centre North,2020,12,254,376.5,no,,
32,Vancouver,Vancouver Coastal,Vancouver - Centre North,2021,12,299,446.7,no,,
32,Vancouver,Vancouver Coastal,Vancouver - Centre North,2022,12,327,479.9,no,,
32,Vancouver,Vancouver Coastal,Vancouver - Centre North,2023,12,399,566.6,no,,
32,Vancouver,Vancouver Coastal,Vancouver - Centre North,2024,12,310,430.4,no,,
32,Vancouver,Vancouver Coastal,Vancouver - Centre North,2025,12,225,315.9,no,,
32,Vancouver,Vancouver Coastal,Vancouver - Centre North,2026,6,112,316.8,yes,,
32,Vancouver,Vancouver Coastal,Vancouver - Northeast,2016,12,13,12.2,no,,
32,Vancouver,Vancouver Coastal,Vancouver - Northeast,2017,12,25,23.2,no,,
32,Vancouver,Vancouver Coastal,Vancouver - Northeast,2018,12,38,34.8,no,,
32,Vancouver,Vancouver Coastal,Vancouver - Northeast,2019,12,18,16.1,no,,
32,Vancouver,Vancouver Coastal,Vancouver - Northeast,2020,12,24,21.3,no,,
32,Vancouver,Vancouver Coastal,Vancouver - Northeast,2021,12,38,34.0,no,,
32,Vancouver,Vancouver Coastal,Vancouver - Northeast,2022,12,37,32.5,no,,
32,Vancouver,Vancouver Coastal,Vancouver - Northeast,2023,12,44,37.4,no,,
32,Vancouver,Vancouver Coastal,Vancouver - Northeast,2024,12,23,19.1,no,,
32,Vancouver,Vancouver Coastal,Vancouver - Northeast,2025,12,32,26.9,no,,
32,Vancouver,Vancouver Coastal,Vancouver - Northeast,2026,6,7,11.8,yes,,
32,Vancouver,Vancouver Coastal,Vancouver - Westside,2016,12,12,8.9,no,,
32,Vancouver,Vancouver Coastal,Vancouver - Westside,2017,12,9,6.6,no,,
32,Vancouver,Vancouver Coastal,Vancouver - Westside,2018,12,12,8.7,no,,
32,Vancouver,Vancouver Coastal,Vancouver - Westside,2019,12,6,4.2,no,,
32,Vancouver,Vancouver Coastal,Vancouver - Westside,2020,12,10,7.0,no,,
32,Vancouver,Vancouver Coastal,Vancouver - Westside,2021,12,15,10.5,no,,
32,Vancouver,Vancouver Coastal,Vancouver - Westside,2022,12,9,6.2,no,,
32,Vancouver,Vancouver Coastal,Vancouver - Westside,2023,12,7,4.6,no,,
32,Vancouver,Vancouver Coastal,Vancouver - Westside,2024,12,11,7.1,no,,
32,Vancouver,Vancouver Coastal,Vancouver - Westside,2025,12,6,3.9,no,,
32,Vancouver,Vancouver Coastal,Vancouver - Westside,2026,6,6,7.9,yes,,
32,Vancouver,Vancouver Coastal,Vancouver - Midtown,2016,12,16,15.2,no,,
32,Vancouver,Vancouver Coastal,Vancouver - Midtown,2017,12,39,36.8,no,,
32,Vancouver,Vancouver Coastal,Vancouver - Midtown,2018,12,35,32.6,no,,
32,Vancouver,Vancouver Coastal,Vancouver - Midtown,2019,12,18,16.4,no,,
32,Vancouver,Vancouver Coastal,Vancouver - Midtown,2020,12,38,34.3,no,,
32,Vancouver,Vancouver Coastal,Vancouver - Midtown,2021,12,48,43.6,no,,
32,Vancouver,Vancouver Coastal,Vancouver - Midtown,2022,12,49,43.7,no,,
32,Vancouver,Vancouver Coastal,Vancouver - Midtown,2023,12,43,37.1,no,,
32,Vancouver,Vancouver Coastal,Vancouver - Midtown,2024,12,49,41.4,no,,
32,Vancouver,Vancouver Coastal,Vancouver - Midtown,2025,12,39,33.3,no,,
32,Vancouver,Vancouver Coastal,Vancouver - Midtown,2026,6,16,27.5,yes,,
32,Vancouver,Vancouver Coastal,Vancouver - South,2016,12,15,10.5,no,,
32,Vancouver,Vancouver Coastal,Vancouver - South,2017,12,30,20.8,no,,
32,Vancouver,Vancouver Coastal,Vancouver - South,2018,12,31,21.2,no,,
32,Vancouver,Vancouver Coastal,Vancouver - South,2019,12,13,8.7,no,,
32,Vancouver,Vancouver Coastal,Vancouver - South,2020,12,32,21.2,no,,
32,Vancouver,Vancouver Coastal,Vancouver - South,2021,12,36,24.0,no,,
32,Vancouver,Vancouver Coastal,Vancouver - South,2022,12,38,24.9,no,,
32,Vancouver,Vancouver Coastal,Vancouver - South,2023,12,37,23.4,no,,
32,Vancouver,Vancouver Coastal,Vancouver - South,2024,12,31,19.2,no,,
32,Vancouver,Vancouver Coastal,Vancouver - South,2025,12,23,14.4,no,,
32,Vancouver,Vancouver Coastal,Vancouver - South,2026,6,11,13.9,yes,,
33,North Shore/Coast Garibaldi,Vancouver Coastal,North Vancouver,2016,12,13,8.8,no,,
33,North Shore/Coast Garibaldi,Vancouver Coastal,North Vancouver,2017,12,18,12.1,no,,
33,North Shore/Coast Garibaldi,Vancouver Coastal,North Vancouver,2018,12,16,10.6,no,,
33,North Shore/Coast Garibaldi,Vancouver Coastal,North Vancouver,2019,12,12,7.9,no,,
33,North Shore/Coast Garibaldi,Vancouver Coastal,North Vancouver,2020,12,22,14.3,no,,
33,North Shore/Coast Garibaldi,Vancouver Coastal,North Vancouver,2021,12,18,11.6,no,,
33,North Shore/Coast Garibaldi,Vancouver Coastal,North Vancouver,2022,12,21,13.1,no,,
33,North Shore/Coast Garibaldi,Vancouver Coastal,North Vancouver,2023,12,24,14.6,no,,
33,North Shore/Coast Garibaldi,Vancouver Coastal,North Vancouver,2024,12,26,15.4,no,,
33,North Shore/Coast Garibaldi,Vancouver Coastal,North Vancouver,2025,12,14,8.3,no,,
33,North Shore/Coast Garibaldi,Vancouver Coastal,North Vancouver,2026,6,5,6.0,yes,,
33,North Shore/Coast Garibaldi,Vancouver Coastal,West Vancouver/Bowen Island,2016,12,5,9.6,no,,
33,North Shore/Coast Garibaldi,Vancouver Coastal,West Vancouver/Bowen Island,2017,12,6,11.4,no,,
33,North Shore/Coast Garibaldi,Vancouver Coastal,West Vancouver/Bowen Island,2018,12,6,11.3,no,,
33,North Shore/Coast Garibaldi,Vancouver Coastal,West Vancouver/Bowen Island,2019,12,3,5.6,no,,
33,North Shore/Coast Garibaldi,Vancouver Coastal,West Vancouver/Bowen Island,2020,12,7,13.0,no,,
33,North Shore/Coast Garibaldi,Vancouver Coastal,West Vancouver/Bowen Island,2021,12,5,9.2,no,,
33,North Shore/Coast Garibaldi,Vancouver Coastal,West Vancouver/Bowen Island,2022,12,7,12.6,no,,
33,North Shore/Coast Garibaldi,Vancouver Coastal,West Vancouver/Bowen Island,2023,12,7,12.3,no,,
33,North Shore/Coast Garibaldi,Vancouver Coastal,West Vancouver/Bowen Island,2024,12,5,8.6,no,,
33,North Shore/Coast Garibaldi,Vancouver Coastal,West Vancouver/Bowen Island,2025,12,7,12.2,no,,
33,North Shore/Coast Garibaldi,Vancouver Coastal,West Vancouver/Bowen Island,2026,6,2,7.1,yes,,
33,North Shore/Coast Garibaldi,Vancouver Coastal,Sunshine Coast,2016,12,3,9.7,no,,
33,North Shore/Coast Garibaldi,Vancouver Coastal,Sunshine Coast,2017,12,7,22.4,no,,
33,North Shore/Coast Garibaldi,Vancouver Coastal,Sunshine Coast,2018,12,6,18.9,no,,
33,North Shore/Coast Garibaldi,Vancouver Coastal,Sunshine Coast,2019,12,3,9.3,no,,
33,North Shore/Coast Garibaldi,Vancouver Coastal,Sunshine Coast,2020,12,7,21.5,no,,
33,North Shore/Coast Garibaldi,Vancouver Coastal,Sunshine Coast,2021,12,12,36.2,no,,
33,North Shore/Coast Garibaldi,Vancouver Coastal,Sunshine Coast,2022,12,9,26.7,no,,
33,North Shore/Coast Garibaldi,Vancouver Coastal,Sunshine Coast,2023,12,14,41.2,no,,
33,North Shore/Coast Garibaldi,Vancouver Coastal,Sunshine Coast,2024,12,14,40.8,no,,
33,North Shore/Coast Garibaldi,Vancouver Coastal,Sunshine Coast,2025,12,11,31.8,no,,
33,North Shore/Coast Garibaldi,Vancouver Coastal,Sunshine Coast,2026,6,2,11.7,yes,,
33,North Shore/Coast Garibaldi,Vancouver Coastal,Powell River,2016,12,7,34.5,no,,
33,North Shore/Coast Garibaldi,Vancouver Coastal,Powell River,2017,12,5,24.4,no,,
33,North Shore/Coast Garibaldi,Vancouver Coastal,Powell River,2018,12,9,43.3,no,,
33,North Shore/Coast Garibaldi,Vancouver Coastal,Powell River,2019,12,6,28.5,no,,
33,North Shore/Coast Garibaldi,Vancouver Coastal,Powell River,2020,12,12,56.3,no,,
33,North Shore/Coast Garibaldi,Vancouver Coastal,Powell River,2021,12,17,78.5,no,,
33,North Shore/Coast Garibaldi,Vancouver Coastal,Powell River,2022,12,11,50.1,no,,
33,North Shore/Coast Garibaldi,Vancouver Coastal,Powell River,2023,12,6,27.0,no,,
33,North Shore/Coast Garibaldi,Vancouver Coastal,Powell River,2024,12,13,58.0,no,,
33,North Shore/Coast Garibaldi,Vancouver Coastal,Powell River,2025,12,10,44.4,no,,
33,North Shore/Coast Garibaldi,Vancouver Coastal,Powell River,2026,6,5,45.2,yes,,
33,North Shore/Coast Garibaldi,Vancouver Coastal,Howe Sound,2016,12,3,7.3,no,,
33,North Shore/Coast Garibaldi,Vancouver Coastal,Howe Sound,2017,12,8,18.7,no,,
33,North Shore/Coast Garibaldi,Vancouver Coastal,Howe Sound,2018,12,6,13.5,no,,
33,North Shore/Coast Garibaldi,Vancouver Coastal,Howe Sound,2019,12,2,4.4,no,,
33,North Shore/Coast Garibaldi,Vancouver Coastal,Howe Sound,2020,12,2,4.2,no,,
33,North Shore/Coast Garibaldi,Vancouver Coastal,Howe Sound,2021,12,9,18.5,no,,
33,North Shore/Coast Garibaldi,Vancouver Coastal,Howe Sound,2022,12,5,10.0,no,,
33,North Shore/Coast Garibaldi,Vancouver Coastal,Howe Sound,2023,12,9,17.5,no,,
33,North Shore/Coast Garibaldi,Vancouver Coastal,Howe Sound,2024,12,4,7.6,no,,
33,North Shore/Coast Garibaldi,Vancouver Coastal,Howe Sound,2025,12,5,9.5,no,,
33,North Shore/Coast Garibaldi,Vancouver Coastal,Howe Sound,2026,6,2,7.7,yes,,
33,North Shore/Coast Garibaldi,Vancouver Coastal,Bella Coola Valley,2016,12,,,no,blank in source (suppressed),all values blank in source
33,North Shore/Coast Garibaldi,Vancouver Coastal,Bella Coola Valley,2017,12,,,no,blank in source (suppressed),all values blank in source
33,North Shore/Coast Garibaldi,Vancouver Coastal,Bella Coola Valley,2018,12,,,no,blank in source (suppressed),all values blank in source
33,North Shore/Coast Garibaldi,Vancouver Coastal,Bella Coola Valley,2019,12,,,no,blank in source (suppressed),all values blank in source
33,North Shore/Coast Garibaldi,Vancouver Coastal,Bella Coola Valley,2020,12,,,no,blank in source (suppressed),all values blank in source
33,North Shore/Coast Garibaldi,Vancouver Coastal,Bella Coola Valley,2021,12,,,no,blank in source (suppressed),all values blank in source
33,North Shore/Coast Garibaldi,Vancouver Coastal,Bella Coola Valley,2022,12,,,no,blank in source (suppressed),all values blank in source
33,North Shore/Coast Garibaldi,Vancouver Coastal,Bella Coola Valley,2023,12,,,no,blank in source (suppressed),all values blank in source
33,North Shore/Coast Garibaldi,Vancouver Coastal,Bella Coola Valley,2024,12,,,no,blank in source (suppressed),all values blank in source
33,North Shore/Coast Garibaldi,Vancouver Coastal,Bella Coola Valley,2025,12,,,no,blank in source (suppressed),all values blank in source
33,North Shore/Coast Garibaldi,Vancouver Coastal,Bella Coola Valley,2026,6,,,yes,blank in source (suppressed),all values blank in source
33,North Shore/Coast Garibaldi,Vancouver Coastal,Central Coast,2016,12,,,no,blank in source (suppressed),all values blank in source
33,North Shore/Coast Garibaldi,Vancouver Coastal,Central Coast,2017,12,,,no,blank in source (suppressed),all values blank in source
33,North Shore/Coast Garibaldi,Vancouver Coastal,Central Coast,2018,12,,,no,blank in source (suppressed),all values blank in source
33,North Shore/Coast Garibaldi,Vancouver Coastal,Central Coast,2019,12,,,no,blank in source (suppressed),all values blank in source
33,North Shore/Coast Garibaldi,Vancouver Coastal,Central Coast,2020,12,,,no,blank in source (suppressed),all values blank in source
33,North Shore/Coast Garibaldi,Vancouver Coastal,Central Coast,2021,12,,,no,blank in source (suppressed),all values blank in source
33,North Shore/Coast Garibaldi,Vancouver Coastal,Central Coast,2022,12,,,no,blank in source (suppressed),all values blank in source
33,North Shore/Coast Garibaldi,Vancouver Coastal,Central Coast,2023,12,,,no,blank in source (suppressed),all values blank in source
33,North Shore/Coast Garibaldi,Vancouver Coastal,Central Coast,2024,12,,,no,blank in source (suppressed),all values blank in source
33,North Shore/Coast Garibaldi,Vancouver Coastal,Central Coast,2025,12,,,no,blank in source (suppressed),all values blank in source
33,North Shore/Coast Garibaldi,Vancouver Coastal,Central Coast,2026,6,,,yes,blank in source (suppressed),all values blank in source
41,South Vancouver Island,Island,Greater Victoria,2016,12,65,27.5,no,,
41,South Vancouver Island,Island,Greater Victoria,2017,12,92,38.5,no,,
41,South Vancouver Island,Island,Greater Victoria,2018,12,98,40.6,no,,
41,South Vancouver Island,Island,Greater Victoria,2019,12,62,25.3,no,,
41,South Vancouver Island,Island,Greater Victoria,2020,12,117,47.5,no,,
41,South Vancouver Island,Island,Greater Victoria,2021,12,116,47.0,no,,
41,South Vancouver Island,Island,Greater Victoria,2022,12,146,58.2,no,,
41,South Vancouver Island,Island,Greater Victoria,2023,12,152,59.9,no,,
41,South Vancouver Island,Island,Greater Victoria,2024,12,137,53.1,no,,
41,South Vancouver Island,Island,Greater Victoria,2025,12,94,36.3,no,,
41,South Vancouver Island,Island,Greater Victoria,2026,6,48,37.6,yes,,
41,South Vancouver Island,Island,Western Communities,2016,12,7,8.6,no,,
41,South Vancouver Island,Island,Western Communities,2017,12,10,11.8,no,,
41,South Vancouver Island,Island,Western Communities,2018,12,18,20.5,no,,
41,South Vancouver Island,Island,Western Communities,2019,12,7,7.7,no,,
41,South Vancouver Island,Island,Western Communities,2020,12,17,18.0,no,,
41,South Vancouver Island,Island,Western Communities,2021,12,18,18.3,no,,
41,South Vancouver Island,Island,Western Communities,2022,12,12,11.5,no,,
41,South Vancouver Island,Island,Western Communities,2023,12,17,15.9,no,,
41,South Vancouver Island,Island,Western Communities,2024,12,22,19.8,no,,
41,South Vancouver Island,Island,Western Communities,2025,12,22,19.4,no,,
41,South Vancouver Island,Island,Western Communities,2026,6,10,17.4,yes,,
41,South Vancouver Island,Island,Saanich Peninsula,2016,12,4,6.0,no,,
41,South Vancouver Island,Island,Saanich Peninsula,2017,12,3,4.4,no,,
41,South Vancouver Island,Island,Saanich Peninsula,2018,12,8,11.7,no,,
41,South Vancouver Island,Island,Saanich Peninsula,2019,12,5,7.3,no,,
41,South Vancouver Island,Island,Saanich Peninsula,2020,12,4,5.8,no,,
41,South Vancouver Island,Island,Saanich Peninsula,2021,12,4,5.7,no,,
41,South Vancouver Island,Island,Saanich Peninsula,2022,12,10,14.0,no,,
41,South Vancouver Island,Island,Saanich Peninsula,2023,12,9,12.5,no,,
41,South Vancouver Island,Island,Saanich Peninsula,2024,12,8,11.0,no,,
41,South Vancouver Island,Island,Saanich Peninsula,2025,12,10,13.8,no,,
41,South Vancouver Island,Island,Saanich Peninsula,2026,6,4,11.3,yes,,
41,South Vancouver Island,Island,Southern Gulf Islands,2016,12,2,12.7,no,,
41,South Vancouver Island,Island,Southern Gulf Islands,2017,12,0,0.0,no,,
41,South Vancouver Island,Island,Southern Gulf Islands,2018,12,1,6.0,no,,
41,South Vancouver Island,Island,Southern Gulf Islands,2019,12,1,5.8,no,,
41,South Vancouver Island,Island,Southern Gulf Islands,2020,12,2,11.3,no,,
41,South Vancouver Island,Island,Southern Gulf Islands,2021,12,3,16.4,no,,
41,South Vancouver Island,Island,Southern Gulf Islands,2022,12,5,26.9,no,,
41,South Vancouver Island,Island,Southern Gulf Islands,2023,12,5,26.5,no,,
41,South Vancouver Island,Island,Southern Gulf Islands,2024,12,4,20.9,no,,
41,South Vancouver Island,Island,Southern Gulf Islands,2025,12,0,0.0,no,,
41,South Vancouver Island,Island,Southern Gulf Islands,2026,6,1,10.6,yes,,
42,Central Vancouver Island,Island,Cowichan Valley South,2016,12,10,16.6,no,,
42,Central Vancouver Island,Island,Cowichan Valley South,2017,12,13,21.2,no,,
42,Central Vancouver Island,Island,Cowichan Valley South,2018,12,27,43.4,no,,
42,Central Vancouver Island,Island,Cowichan Valley South,2019,12,12,19.1,no,,
42,Central Vancouver Island,Island,Cowichan Valley South,2020,12,23,36.4,no,,
42,Central Vancouver Island,Island,Cowichan Valley South,2021,12,27,42.4,no,,
42,Central Vancouver Island,Island,Cowichan Valley South,2022,12,33,51.0,no,,
42,Central Vancouver Island,Island,Cowichan Valley South,2023,12,38,58.3,no,,
42,Central Vancouver Island,Island,Cowichan Valley South,2024,12,44,66.9,no,,
42,Central Vancouver Island,Island,Cowichan Valley South,2025,12,36,54.4,no,,
42,Central Vancouver Island,Island,Cowichan Valley South,2026,6,21,64.3,yes,,
42,Central Vancouver Island,Island,Cowichan Valley West,2016,12,1,15.5,no,,
42,Central Vancouver Island,Island,Cowichan Valley West,2017,12,1,15.2,no,,
42,Central Vancouver Island,Island,Cowichan Valley West,2018,12,2,29.7,no,,
42,Central Vancouver Island,Island,Cowichan Valley West,2019,12,2,29.1,no,,
42,Central Vancouver Island,Island,Cowichan Valley West,2020,12,1,14.3,no,,
42,Central Vancouver Island,Island,Cowichan Valley West,2021,12,3,43.0,no,,
42,Central Vancouver Island,Island,Cowichan Valley West,2022,12,5,70.8,no,,
42,Central Vancouver Island,Island,Cowichan Valley West,2023,12,4,55.8,no,,
42,Central Vancouver Island,Island,Cowichan Valley West,2024,12,1,13.7,no,,
42,Central Vancouver Island,Island,Cowichan Valley West,2025,12,2,27.3,no,,
42,Central Vancouver Island,Island,Cowichan Valley West,2026,6,1,27.7,yes,,
42,Central Vancouver Island,Island,Cowichan Valley North,2016,12,4,20.0,no,,
42,Central Vancouver Island,Island,Cowichan Valley North,2017,12,4,19.5,no,,
42,Central Vancouver Island,Island,Cowichan Valley North,2018,12,3,14.5,no,,
42,Central Vancouver Island,Island,Cowichan Valley North,2019,12,3,14.3,no,,
42,Central Vancouver Island,Island,Cowichan Valley North,2020,12,5,23.6,no,,
42,Central Vancouver Island,Island,Cowichan Valley North,2021,12,3,14.1,no,,
42,Central Vancouver Island,Island,Cowichan Valley North,2022,12,6,27.6,no,,
42,Central Vancouver Island,Island,Cowichan Valley North,2023,12,3,13.7,no,,
42,Central Vancouver Island,Island,Cowichan Valley North,2024,12,3,13.6,no,,
42,Central Vancouver Island,Island,Cowichan Valley North,2025,12,3,13.4,no,,
42,Central Vancouver Island,Island,Cowichan Valley North,2026,6,2,18.0,yes,,
42,Central Vancouver Island,Island,Greater Nanaimo,2016,12,29,25.5,no,,
42,Central Vancouver Island,Island,Greater Nanaimo,2017,12,59,50.8,no,,
42,Central Vancouver Island,Island,Greater Nanaimo,2018,12,42,35.3,no,,
42,Central Vancouver Island,Island,Greater Nanaimo,2019,12,28,23.1,no,,
42,Central Vancouver Island,Island,Greater Nanaimo,2020,12,42,34.1,no,,
42,Central Vancouver Island,Island,Greater Nanaimo,2021,12,59,47.3,no,,
42,Central Vancouver Island,Island,Greater Nanaimo,2022,12,87,68.3,no,,
42,Central Vancouver Island,Island,Greater Nanaimo,2023,12,119,91.8,no,,
42,Central Vancouver Island,Island,Greater Nanaimo,2024,12,98,74.2,no,,
42,Central Vancouver Island,Island,Greater Nanaimo,2025,12,75,56.2,no,,
42,Central Vancouver Island,Island,Greater Nanaimo,2026,6,44,66.6,yes,,
42,Central Vancouver Island,Island,Oceanside,2016,12,8,16.5,no,,
42,Central Vancouver Island,Island,Oceanside,2017,12,10,20.2,no,,
42,Central Vancouver Island,Island,Oceanside,2018,12,7,14.0,no,,
42,Central Vancouver Island,Island,Oceanside,2019,12,8,15.7,no,,
42,Central Vancouver Island,Island,Oceanside,2020,12,21,40.9,no,,
42,Central Vancouver Island,Island,Oceanside,2021,12,16,30.6,no,,
42,Central Vancouver Island,Island,Oceanside,2022,12,13,24.5,no,,
42,Central Vancouver Island,Island,Oceanside,2023,12,15,28.0,no,,
42,Central Vancouver Island,Island,Oceanside,2024,12,18,33.2,no,,
42,Central Vancouver Island,Island,Oceanside,2025,12,16,29.2,no,,
42,Central Vancouver Island,Island,Oceanside,2026,6,6,22.1,yes,,
42,Central Vancouver Island,Island,Alberni/Clayoquot,2016,12,6,18.6,no,,
42,Central Vancouver Island,Island,Alberni/Clayoquot,2017,12,12,36.8,no,,
42,Central Vancouver Island,Island,Alberni/Clayoquot,2018,12,14,42.2,no,,
42,Central Vancouver Island,Island,Alberni/Clayoquot,2019,12,10,29.6,no,,
42,Central Vancouver Island,Island,Alberni/Clayoquot,2020,12,9,26.3,no,,
42,Central Vancouver Island,Island,Alberni/Clayoquot,2021,12,23,65.9,no,,
42,Central Vancouver Island,Island,Alberni/Clayoquot,2022,12,28,78.9,no,,
42,Central Vancouver Island,Island,Alberni/Clayoquot,2023,12,38,106.1,no,,
42,Central Vancouver Island,Island,Alberni/Clayoquot,2024,12,24,66.4,no,,
42,Central Vancouver Island,Island,Alberni/Clayoquot,2025,12,21,57.9,no,,
42,Central Vancouver Island,Island,Alberni/Clayoquot,2026,6,7,39.2,yes,,
43,North Vancouver Island,Island,Comox Valley,2016,12,11,16.0,no,,
43,North Vancouver Island,Island,Comox Valley,2017,12,17,24.2,no,,
43,North Vancouver Island,Island,Comox Valley,2018,12,15,20.9,no,,
43,North Vancouver Island,Island,Comox Valley,2019,12,12,16.5,no,,
43,North Vancouver Island,Island,Comox Valley,2020,12,14,18.9,no,,
43,North Vancouver Island,Island,Comox Valley,2021,12,35,46.7,no,,
43,North Vancouver Island,Island,Comox Valley,2022,12,37,48.4,no,,
43,North Vancouver Island,Island,Comox Valley,2023,12,37,47.6,no,,
43,North Vancouver Island,Island,Comox Valley,2024,12,33,41.6,no,,
43,North Vancouver Island,Island,Comox Valley,2025,12,21,26.2,no,,
43,North Vancouver Island,Island,Comox Valley,2026,6,12,30.3,yes,,
43,North Vancouver Island,Island,Greater Campbell River,2016,12,15,33.9,no,,
43,North Vancouver Island,Island,Greater Campbell River,2017,12,19,42.2,no,,
43,North Vancouver Island,Island,Greater Campbell River,2018,12,15,32.7,no,,
43,North Vancouver Island,Island,Greater Campbell River,2019,12,15,32.3,no,,
43,North Vancouver Island,Island,Greater Campbell River,2020,12,17,36.2,no,,
43,North Vancouver Island,Island,Greater Campbell River,2021,12,26,54.7,no,,
43,North Vancouver Island,Island,Greater Campbell River,2022,12,30,61.8,no,,
43,North Vancouver Island,Island,Greater Campbell River,2023,12,47,96.3,no,,
43,North Vancouver Island,Island,Greater Campbell River,2024,12,59,119.9,no,,
43,North Vancouver Island,Island,Greater Campbell River,2025,12,40,81.0,no,,
43,North Vancouver Island,Island,Greater Campbell River,2026,6,8,32.9,yes,,
43,North Vancouver Island,Island,Vancouver Island North and West,2016,12,1,7.4,no,,
43,North Vancouver Island,Island,Vancouver Island North and West,2017,12,1,7.4,no,,
43,North Vancouver Island,Island,Vancouver Island North and West,2018,12,1,7.4,no,,
43,North Vancouver Island,Island,Vancouver Island North and West,2019,12,3,22.1,no,,
43,North Vancouver Island,Island,Vancouver Island North and West,2020,12,3,22.2,no,,
43,North Vancouver Island,Island,Vancouver Island North and West,2021,12,7,51.4,no,,
43,North Vancouver Island,Island,Vancouver Island North and West,2022,12,4,29.0,no,,
43,North Vancouver Island,Island,Vancouver Island North and West,2023,12,8,58.1,no,,
43,North Vancouver Island,Island,Vancouver Island North and West,2024,12,10,72.5,no,,
43,North Vancouver Island,Island,Vancouver Island North and West,2025,12,2,14.5,no,,
43,North Vancouver Island,Island,Vancouver Island North and West,2026,6,1,14.9,yes,,
51,Northwest,Northern,Haida Gwaii,2016,12,,,no,blank in source (suppressed),year positions read from image layout; verify
51,Northwest,Northern,Haida Gwaii,2017,12,,,no,blank in source (suppressed),year positions read from image layout; verify
51,Northwest,Northern,Haida Gwaii,2018,12,,,no,blank in source (suppressed),year positions read from image layout; verify
51,Northwest,Northern,Haida Gwaii,2019,12,2,45.5,no,,year positions read from image layout; verify
51,Northwest,Northern,Haida Gwaii,2020,12,,,no,blank in source (suppressed),year positions read from image layout; verify
51,Northwest,Northern,Haida Gwaii,2021,12,1,22.5,no,,year positions read from image layout; verify
51,Northwest,Northern,Haida Gwaii,2022,12,2,44.8,no,,year positions read from image layout; verify
51,Northwest,Northern,Haida Gwaii,2023,12,0,0.0,no,,year positions read from image layout; verify
51,Northwest,Northern,Haida Gwaii,2024,12,1,22.1,no,,year positions read from image layout; verify
51,Northwest,Northern,Haida Gwaii,2025,12,0,0.0,no,,year positions read from image layout; verify
51,Northwest,Northern,Haida Gwaii,2026,6,,,yes,blank in source (suppressed),year positions read from image layout; verify
51,Northwest,Northern,Prince Rupert,2016,12,4,28.4,no,,
51,Northwest,Northern,Prince Rupert,2017,12,2,14.1,no,,
51,Northwest,Northern,Prince Rupert,2018,12,0,0.0,no,,
51,Northwest,Northern,Prince Rupert,2019,12,2,14.1,no,,
51,Northwest,Northern,Prince Rupert,2020,12,4,28.2,no,,
51,Northwest,Northern,Prince Rupert,2021,12,3,21.1,no,,
51,Northwest,Northern,Prince Rupert,2022,12,9,63.5,no,,
51,Northwest,Northern,Prince Rupert,2023,12,5,35.5,no,,
51,Northwest,Northern,Prince Rupert,2024,12,7,49.2,no,,
51,Northwest,Northern,Prince Rupert,2025,12,6,42.2,no,,
51,Northwest,Northern,Prince Rupert,2026,6,1,14.4,yes,,
51,Northwest,Northern,Upper Skeena,2016,12,,,no,blank in source (suppressed),all values blank in source
51,Northwest,Northern,Upper Skeena,2017,12,,,no,blank in source (suppressed),all values blank in source
51,Northwest,Northern,Upper Skeena,2018,12,,,no,blank in source (suppressed),all values blank in source
51,Northwest,Northern,Upper Skeena,2019,12,,,no,blank in source (suppressed),all values blank in source
51,Northwest,Northern,Upper Skeena,2020,12,,,no,blank in source (suppressed),all values blank in source
51,Northwest,Northern,Upper Skeena,2021,12,,,no,blank in source (suppressed),all values blank in source
51,Northwest,Northern,Upper Skeena,2022,12,,,no,blank in source (suppressed),all values blank in source
51,Northwest,Northern,Upper Skeena,2023,12,,,no,blank in source (suppressed),all values blank in source
51,Northwest,Northern,Upper Skeena,2024,12,,,no,blank in source (suppressed),all values blank in source
51,Northwest,Northern,Upper Skeena,2025,12,,,no,blank in source (suppressed),all values blank in source
51,Northwest,Northern,Upper Skeena,2026,6,,,yes,blank in source (suppressed),all values blank in source
51,Northwest,Northern,Smithers,2016,12,1,5.9,no,,
51,Northwest,Northern,Smithers,2017,12,2,11.7,no,,
51,Northwest,Northern,Smithers,2018,12,7,40.9,no,,
51,Northwest,Northern,Smithers,2019,12,3,17.4,no,,
51,Northwest,Northern,Smithers,2020,12,1,5.8,no,,
51,Northwest,Northern,Smithers,2021,12,10,57.1,no,,
51,Northwest,Northern,Smithers,2022,12,7,39.8,no,,
51,Northwest,Northern,Smithers,2023,12,7,39.7,no,,
51,Northwest,Northern,Smithers,2024,12,6,34.1,no,,
51,Northwest,Northern,Smithers,2025,12,7,40.0,no,,
51,Northwest,Northern,Smithers,2026,6,4,46.7,yes,,
51,Northwest,Northern,Kitimat,2016,12,1,10.5,no,,
51,Northwest,Northern,Kitimat,2017,12,0,0.0,no,,
51,Northwest,Northern,Kitimat,2018,12,0,0.0,no,,
51,Northwest,Northern,Kitimat,2019,12,0,0.0,no,,
51,Northwest,Northern,Kitimat,2020,12,1,10.5,no,,
51,Northwest,Northern,Kitimat,2021,12,3,31.3,no,,
51,Northwest,Northern,Kitimat,2022,12,7,73.0,no,,
51,Northwest,Northern,Kitimat,2023,12,9,90.7,no,,
51,Northwest,Northern,Kitimat,2024,12,5,49.2,no,,
51,Northwest,Northern,Kitimat,2025,12,0,0.0,no,,
51,Northwest,Northern,Kitimat,2026,6,0,0.0,yes,,
51,Northwest,Northern,Stikine and Snow Country,2016,12,,,no,blank in source (suppressed),year positions read from image layout; verify
51,Northwest,Northern,Stikine and Snow Country,2017,12,,,no,blank in source (suppressed),year positions read from image layout; verify
51,Northwest,Northern,Stikine and Snow Country,2018,12,,,no,blank in source (suppressed),year positions read from image layout; verify
51,Northwest,Northern,Stikine and Snow Country,2019,12,0,0.0,no,,year positions read from image layout; verify
51,Northwest,Northern,Stikine and Snow Country,2020,12,0,0.0,no,,year positions read from image layout; verify
51,Northwest,Northern,Stikine and Snow Country,2021,12,0,0.0,no,,year positions read from image layout; verify
51,Northwest,Northern,Stikine and Snow Country,2022,12,,,no,blank in source (suppressed),year positions read from image layout; verify
51,Northwest,Northern,Stikine and Snow Country,2023,12,,,no,blank in source (suppressed),year positions read from image layout; verify
51,Northwest,Northern,Stikine and Snow Country,2024,12,0,0.0,no,,year positions read from image layout; verify
51,Northwest,Northern,Stikine and Snow Country,2025,12,0,0.0,no,,year positions read from image layout; verify
51,Northwest,Northern,Stikine and Snow Country,2026,6,,,yes,blank in source (suppressed),year positions read from image layout; verify
51,Northwest,Northern,Terrace,2016,12,4,18.9,no,,
51,Northwest,Northern,Terrace,2017,12,3,14.2,no,,
51,Northwest,Northern,Terrace,2018,12,6,28.3,no,,
51,Northwest,Northern,Terrace,2019,12,7,32.8,no,,
51,Northwest,Northern,Terrace,2020,12,10,46.2,no,,
51,Northwest,Northern,Terrace,2021,12,17,78.3,no,,
51,Northwest,Northern,Terrace,2022,12,27,123.0,no,,
51,Northwest,Northern,Terrace,2023,12,21,93.8,no,,
51,Northwest,Northern,Terrace,2024,12,26,113.9,no,,
51,Northwest,Northern,Terrace,2025,12,18,78.2,no,,
51,Northwest,Northern,Terrace,2026,6,6,53.0,yes,,
51,Northwest,Northern,Nisga'a,2016,12,,,no,blank in source (suppressed),all values blank in source
51,Northwest,Northern,Nisga'a,2017,12,,,no,blank in source (suppressed),all values blank in source
51,Northwest,Northern,Nisga'a,2018,12,,,no,blank in source (suppressed),all values blank in source
51,Northwest,Northern,Nisga'a,2019,12,,,no,blank in source (suppressed),all values blank in source
51,Northwest,Northern,Nisga'a,2020,12,,,no,blank in source (suppressed),all values blank in source
51,Northwest,Northern,Nisga'a,2021,12,,,no,blank in source (suppressed),all values blank in source
51,Northwest,Northern,Nisga'a,2022,12,,,no,blank in source (suppressed),all values blank in source
51,Northwest,Northern,Nisga'a,2023,12,,,no,blank in source (suppressed),all values blank in source
51,Northwest,Northern,Nisga'a,2024,12,,,no,blank in source (suppressed),all values blank in source
51,Northwest,Northern,Nisga'a,2025,12,,,no,blank in source (suppressed),all values blank in source
51,Northwest,Northern,Nisga'a,2026,6,,,yes,blank in source (suppressed),all values blank in source
51,Northwest,Northern,Telegraph Creek,2016,12,,,no,blank in source (suppressed),all values blank in source
51,Northwest,Northern,Telegraph Creek,2017,12,,,no,blank in source (suppressed),all values blank in source
51,Northwest,Northern,Telegraph Creek,2018,12,,,no,blank in source (suppressed),all values blank in source
51,Northwest,Northern,Telegraph Creek,2019,12,,,no,blank in source (suppressed),all values blank in source
51,Northwest,Northern,Telegraph Creek,2020,12,,,no,blank in source (suppressed),all values blank in source
51,Northwest,Northern,Telegraph Creek,2021,12,,,no,blank in source (suppressed),all values blank in source
51,Northwest,Northern,Telegraph Creek,2022,12,,,no,blank in source (suppressed),all values blank in source
51,Northwest,Northern,Telegraph Creek,2023,12,,,no,blank in source (suppressed),all values blank in source
51,Northwest,Northern,Telegraph Creek,2024,12,,,no,blank in source (suppressed),all values blank in source
51,Northwest,Northern,Telegraph Creek,2025,12,,,no,blank in source (suppressed),all values blank in source
51,Northwest,Northern,Telegraph Creek,2026,6,,,yes,blank in source (suppressed),all values blank in source
52,Northern Interior,Northern,Quesnel,2016,12,1,4.2,no,,
52,Northern Interior,Northern,Quesnel,2017,12,7,29.0,no,,
52,Northern Interior,Northern,Quesnel,2018,12,5,20.6,no,,
52,Northern Interior,Northern,Quesnel,2019,12,6,24.8,no,,
52,Northern Interior,Northern,Quesnel,2020,12,18,74.6,no,,
52,Northern Interior,Northern,Quesnel,2021,12,10,41.6,no,,
52,Northern Interior,Northern,Quesnel,2022,12,7,29.2,no,,
52,Northern Interior,Northern,Quesnel,2023,12,12,49.9,no,,
52,Northern Interior,Northern,Quesnel,2024,12,18,74.4,no,,
52,Northern Interior,Northern,Quesnel,2025,12,14,57.9,no,,
52,Northern Interior,Northern,Quesnel,2026,6,,,yes,blank in source (suppressed),
52,Northern Interior,Northern,Burns Lake,2016,12,3,46.0,no,,
52,Northern Interior,Northern,Burns Lake,2017,12,0,0.0,no,,
52,Northern Interior,Northern,Burns Lake,2018,12,0,0.0,no,,
52,Northern Interior,Northern,Burns Lake,2019,12,1,15.4,no,,
52,Northern Interior,Northern,Burns Lake,2020,12,0,0.0,no,,
52,Northern Interior,Northern,Burns Lake,2021,12,0,0.0,no,,
52,Northern Interior,Northern,Burns Lake,2022,12,0,0.0,no,,
52,Northern Interior,Northern,Burns Lake,2023,12,6,93.5,no,,
52,Northern Interior,Northern,Burns Lake,2024,12,0,0.0,no,,
52,Northern Interior,Northern,Burns Lake,2025,12,0,0.0,no,,
52,Northern Interior,Northern,Burns Lake,2026,6,,,yes,blank in source (suppressed),
52,Northern Interior,Northern,Nechako,2016,12,1,6.1,no,,
52,Northern Interior,Northern,Nechako,2017,12,1,6.1,no,,
52,Northern Interior,Northern,Nechako,2018,12,1,6.2,no,,
52,Northern Interior,Northern,Nechako,2019,12,1,6.2,no,,
52,Northern Interior,Northern,Nechako,2020,12,5,31.4,no,,
52,Northern Interior,Northern,Nechako,2021,12,11,68.8,no,,
52,Northern Interior,Northern,Nechako,2022,12,9,56.1,no,,
52,Northern Interior,Northern,Nechako,2023,12,11,68.6,no,,
52,Northern Interior,Northern,Nechako,2024,12,7,43.7,no,,
52,Northern Interior,Northern,Nechako,2025,12,3,18.6,no,,
52,Northern Interior,Northern,Nechako,2026,6,6,76.3,yes,,
52,Northern Interior,Northern,Prince George,2016,12,19,19.1,no,,
52,Northern Interior,Northern,Prince George,2017,12,27,26.9,no,,
52,Northern Interior,Northern,Prince George,2018,12,55,54.2,no,,
52,Northern Interior,Northern,Prince George,2019,12,26,25.5,no,,
52,Northern Interior,Northern,Prince George,2020,12,63,61.5,no,,
52,Northern Interior,Northern,Prince George,2021,12,59,58.0,no,,
52,Northern Interior,Northern,Prince George,2022,12,89,86.6,no,,
52,Northern Interior,Northern,Prince George,2023,12,101,96.3,no,,
52,Northern Interior,Northern,Prince George,2024,12,107,100.0,no,,
52,Northern Interior,Northern,Prince George,2025,12,69,63.8,no,,
52,Northern Interior,Northern,Prince George,2026,6,33,62.0,yes,,
53,Northeast,Northern,Peace River South,2016,12,3,10.7,no,,positions confirmed by Northeast HSDA totals
53,Northeast,Northern,Peace River South,2017,12,17,61.1,no,,positions confirmed by Northeast HSDA totals
53,Northeast,Northern,Peace River South,2018,12,12,43.4,no,,positions confirmed by Northeast HSDA totals
53,Northeast,Northern,Peace River South,2019,12,,,no,blank in source (suppressed),positions confirmed by Northeast HSDA totals
53,Northeast,Northern,Peace River South,2020,12,,,no,blank in source (suppressed),positions confirmed by Northeast HSDA totals
53,Northeast,Northern,Peace River South,2021,12,20,74.7,no,,positions confirmed by Northeast HSDA totals
53,Northeast,Northern,Peace River South,2022,12,,,no,blank in source (suppressed),positions confirmed by Northeast HSDA totals
53,Northeast,Northern,Peace River South,2023,12,,,no,blank in source (suppressed),positions confirmed by Northeast HSDA totals
53,Northeast,Northern,Peace River South,2024,12,8,28.7,no,,positions confirmed by Northeast HSDA totals
53,Northeast,Northern,Peace River South,2025,12,,,no,blank in source (suppressed),positions confirmed by Northeast HSDA totals
53,Northeast,Northern,Peace River South,2026,6,,,yes,blank in source (suppressed),positions confirmed by Northeast HSDA totals
53,Northeast,Northern,Peace River North,2016,12,14,37.5,no,,
53,Northeast,Northern,Peace River North,2017,12,4,10.8,no,,
53,Northeast,Northern,Peace River North,2018,12,12,32.1,no,,
53,Northeast,Northern,Peace River North,2019,12,9,23.9,no,,
53,Northeast,Northern,Peace River North,2020,12,22,58.7,no,,
53,Northeast,Northern,Peace River North,2021,12,8,21.4,no,,
53,Northeast,Northern,Peace River North,2022,12,13,34.6,no,,
53,Northeast,Northern,Peace River North,2023,12,20,52.3,no,,
53,Northeast,Northern,Peace River North,2024,12,13,33.3,no,,
53,Northeast,Northern,Peace River North,2025,12,14,35.5,no,,
53,Northeast,Northern,Peace River North,2026,6,8,41.1,yes,,
53,Northeast,Northern,Fort Nelson,2016,12,1,17.8,no,,positions confirmed by Northeast HSDA totals
53,Northeast,Northern,Fort Nelson,2017,12,2,37.8,no,,positions confirmed by Northeast HSDA totals
53,Northeast,Northern,Fort Nelson,2018,12,0,0.0,no,,positions confirmed by Northeast HSDA totals
53,Northeast,Northern,Fort Nelson,2019,12,,,no,blank in source (suppressed),positions confirmed by Northeast HSDA totals
53,Northeast,Northern,Fort Nelson,2020,12,,,no,blank in source (suppressed),positions confirmed by Northeast HSDA totals
53,Northeast,Northern,Fort Nelson,2021,12,3,62.5,no,,positions confirmed by Northeast HSDA totals
53,Northeast,Northern,Fort Nelson,2022,12,,,no,blank in source (suppressed),positions confirmed by Northeast HSDA totals
53,Northeast,Northern,Fort Nelson,2023,12,,,no,blank in source (suppressed),positions confirmed by Northeast HSDA totals
53,Northeast,Northern,Fort Nelson,2024,12,5,103.8,no,,positions confirmed by Northeast HSDA totals
53,Northeast,Northern,Fort Nelson,2025,12,,,no,blank in source (suppressed),positions confirmed by Northeast HSDA totals
53,Northeast,Northern,Fort Nelson,2026,6,,,yes,blank in source (suppressed),positions confirmed by Northeast HSDA totals
