health_authority,year,months_covered,sex,deaths,rate_per_100k,rate_annualized
British Columbia,2015,12,Female,106,4.4,no
British Columbia,2015,12,Male,422,17.9,no
British Columbia,2016,12,Female,201,8.2,no
British Columbia,2016,12,Male,796,33.1,no
British Columbia,2017,12,Female,272,10.9,no
British Columbia,2017,12,Male,1222,50.0,no
British Columbia,2018,12,Female,318,12.6,no
British Columbia,2018,12,Male,1248,50.2,no
British Columbia,2019,12,Female,233,9.0,no
British Columbia,2019,12,Male,759,29.9,no
British Columbia,2020,12,Female,333,12.8,no
British Columbia,2020,12,Male,1441,56.1,no
British Columbia,2021,12,Female,502,19.1,no
British Columbia,2021,12,Male,1789,69.0,no
British Columbia,2022,12,Female,512,18.9,no
British Columbia,2022,12,Male,1870,70.5,no
British Columbia,2023,12,Female,579,20.8,no
British Columbia,2023,12,Male,2012,73.6,no
British Columbia,2024,12,Female,579,20.2,no
British Columbia,2024,12,Male,1740,61.9,no
British Columbia,2025,12,Female,411,14.3,no
British Columbia,2025,12,Male,1417,50.2,no
British Columbia,2026,6,Female,191,13.4,yes
British Columbia,2026,6,Male,585,41.9,yes
Interior,2015,12,Female,11,2.9,no
Interior,2015,12,Male,53,14.2,no
Interior,2016,12,Female,37,9.5,no
Interior,2016,12,Male,132,34.6,no
Interior,2017,12,Female,48,12.1,no
Interior,2017,12,Male,198,50.9,no
Interior,2018,12,Female,51,12.7,no
Interior,2018,12,Male,183,45.9,no
Interior,2019,12,Female,33,8.1,no
Interior,2019,12,Male,107,26.3,no
Interior,2020,12,Female,59,14.2,no
Interior,2020,12,Male,228,55.3,no
Interior,2021,12,Female,84,19.8,no
Interior,2021,12,Male,291,69.4,no
Interior,2022,12,Female,82,19.0,no
Interior,2022,12,Male,325,75.8,no
Interior,2023,12,Female,82,18.6,no
Interior,2023,12,Male,357,81.7,no
Interior,2024,12,Female,101,22.6,no
Interior,2024,12,Male,311,70.3,no
Interior,2025,12,Female,59,13.2,no
Interior,2025,12,Male,261,58.7,no
Interior,2026,6,Female,32,14.5,yes
Interior,2026,6,Male,100,45.7,yes
Fraser,2015,12,Female,45,5.1,no
Fraser,2015,12,Male,162,18.5,no
Fraser,2016,12,Female,59,6.5,no
Fraser,2016,12,Male,278,31.0,no
Fraser,2017,12,Female,80,8.7,no
Fraser,2017,12,Male,415,45.5,no
Fraser,2018,12,Female,86,9.1,no
Fraser,2018,12,Male,436,46.9,no
Fraser,2019,12,Female,59,6.2,no
Fraser,2019,12,Male,269,28.3,no
Fraser,2020,12,Female,109,11.2,no
Fraser,2020,12,Male,475,49.3,no
Fraser,2021,12,Female,155,15.7,no
Fraser,2021,12,Male,637,65.2,no
Fraser,2022,12,Female,135,13.3,no
Fraser,2022,12,Male,576,57.2,no
Fraser,2023,12,Female,146,13.8,no
Fraser,2023,12,Male,556,52.9,no
Fraser,2024,12,Female,143,12.9,no
Fraser,2024,12,Male,482,43.9,no
Fraser,2025,12,Female,113,10.1,no
Fraser,2025,12,Male,414,37.4,no
Fraser,2026,6,Female,37,6.6,yes
Fraser,2026,6,Male,169,30.7,yes
Vancouver Coastal,2015,12,Female,30,5.0,no
Vancouver Coastal,2015,12,Male,130,22.7,no
Vancouver Coastal,2016,12,Female,59,9.8,no
Vancouver Coastal,2016,12,Male,217,37.2,no
Vancouver Coastal,2017,12,Female,76,12.4,no
Vancouver Coastal,2017,12,Male,370,62.8,no
Vancouver Coastal,2018,12,Female,98,15.8,no
Vancouver Coastal,2018,12,Male,358,59.9,no
Vancouver Coastal,2019,12,Female,77,12.2,no
Vancouver Coastal,2019,12,Male,212,34.7,no
Vancouver Coastal,2020,12,Female,93,14.6,no
Vancouver Coastal,2020,12,Male,399,64.6,no
Vancouver Coastal,2021,12,Female,139,21.8,no
Vancouver Coastal,2021,12,Male,488,79.0,no
Vancouver Coastal,2022,12,Female,134,20.5,no
Vancouver Coastal,2022,12,Male,526,83.5,no
Vancouver Coastal,2023,12,Female,165,24.5,no
Vancouver Coastal,2023,12,Male,581,89.3,no
Vancouver Coastal,2024,12,Female,147,21.3,no
Vancouver Coastal,2024,12,Male,466,70.0,no
Vancouver Coastal,2025,12,Female,105,15.3,no
Vancouver Coastal,2025,12,Male,387,58.8,no
Vancouver Coastal,2026,6,Female,49,14.4,yes
Vancouver Coastal,2026,6,Male,151,46.3,yes
Island,2015,12,Female,17,4.2,no
Island,2015,12,Male,55,14.2,no
Island,2016,12,Female,32,7.8,no
Island,2016,12,Male,131,33.0,no
Island,2017,12,Female,53,12.6,no
Island,2017,12,Male,188,46.6,no
Island,2018,12,Female,54,12.7,no
Island,2018,12,Male,198,48.2,no
Island,2019,12,Female,46,10.6,no
Island,2019,12,Male,122,29.2,no
Island,2020,12,Female,40,9.1,no
Island,2020,12,Male,235,55.5,no
Island,2021,12,Female,74,16.6,no
Island,2021,12,Male,268,62.6,no
Island,2022,12,Female,94,20.6,no
Island,2022,12,Male,322,73.7,no
Island,2023,12,Female,117,25.3,no
Island,2023,12,Male,375,84.7,no
Island,2024,12,Female,123,26.1,no
Island,2024,12,Male,338,75.1,no
Island,2025,12,Female,81,17.1,no
Island,2025,12,Male,261,57.6,no
Island,2026,6,Female,49,20.8,yes
Island,2026,6,Male,116,51.8,yes
Northern,2015,12,Female,3,2.1,no
Northern,2015,12,Male,22,14.8,no
Northern,2016,12,Female,14,9.9,no
Northern,2016,12,Male,38,25.3,no
Northern,2017,12,Female,15,10.6,no
Northern,2017,12,Male,51,34.0,no
Northern,2018,12,Female,29,20.3,no
Northern,2018,12,Male,73,48.6,no
Northern,2019,12,Female,18,12.6,no
Northern,2019,12,Male,49,32.5,no
Northern,2020,12,Female,32,22.3,no
Northern,2020,12,Male,104,69.2,no
Northern,2021,12,Female,50,35.0,no
Northern,2021,12,Male,105,70.0,no
Northern,2022,12,Female,67,46.6,no
Northern,2022,12,Male,121,80.1,no
Northern,2023,12,Female,69,47.3,no
Northern,2023,12,Male,143,93.5,no
Northern,2024,12,Female,65,43.8,no
Northern,2024,12,Male,143,92.2,no
Northern,2025,12,Female,53,35.5,no
Northern,2025,12,Male,94,60.0,no
Northern,2026,6,Female,24,32.6,yes
Northern,2026,6,Male,49,63.6,yes
