township,year,months_covered,deaths
Abbotsford,2015,12,26
Abbotsford,2016,12,40
Abbotsford,2017,12,52
Abbotsford,2018,12,41
Abbotsford,2019,12,44
Abbotsford,2020,12,64
Abbotsford,2021,12,86
Abbotsford,2022,12,91
Abbotsford,2023,12,90
Abbotsford,2024,12,76
Abbotsford,2025,12,78
Abbotsford,2026,6,33
Burnaby,2015,12,15
Burnaby,2016,12,40
Burnaby,2017,12,44
Burnaby,2018,12,49
Burnaby,2019,12,29
Burnaby,2020,12,59
Burnaby,2021,12,80
Burnaby,2022,12,68
Burnaby,2023,12,52
Burnaby,2024,12,58
Burnaby,2025,12,35
Burnaby,2026,6,14
Chilliwack,2015,12,10
Chilliwack,2016,12,14
Chilliwack,2017,12,22
Chilliwack,2018,12,37
Chilliwack,2019,12,21
Chilliwack,2020,12,38
Chilliwack,2021,12,64
Chilliwack,2022,12,49
Chilliwack,2023,12,59
Chilliwack,2024,12,38
Chilliwack,2025,12,35
Chilliwack,2026,6,24
Coquitlam,2015,12,11
Coquitlam,2016,12,15
Coquitlam,2017,12,30
Coquitlam,2018,12,22
Coquitlam,2019,12,11
Coquitlam,2020,12,28
Coquitlam,2021,12,30
Coquitlam,2022,12,36
Coquitlam,2023,12,25
Coquitlam,2024,12,26
Coquitlam,2025,12,22
Coquitlam,2026,6,4
Greater Victoria Area,2015,12,26
Greater Victoria Area,2016,12,76
Greater Victoria Area,2017,12,105
Greater Victoria Area,2018,12,124
Greater Victoria Area,2019,12,74
Greater Victoria Area,2020,12,138
Greater Victoria Area,2021,12,138
Greater Victoria Area,2022,12,168
Greater Victoria Area,2023,12,178
Greater Victoria Area,2024,12,167
Greater Victoria Area,2025,12,126
Greater Victoria Area,2026,6,62
Kamloops,2015,12,7
Kamloops,2016,12,44
Kamloops,2017,12,38
Kamloops,2018,12,47
Kamloops,2019,12,26
Kamloops,2020,12,60
Kamloops,2021,12,76
Kamloops,2022,12,92
Kamloops,2023,12,86
Kamloops,2024,12,91
Kamloops,2025,12,54
Kamloops,2026,6,17
Kelowna,2015,12,20
Kelowna,2016,12,47
Kelowna,2017,12,72
Kelowna,2018,12,54
Kelowna,2019,12,34
Kelowna,2020,12,60
Kelowna,2021,12,74
Kelowna,2022,12,83
Kelowna,2023,12,104
Kelowna,2024,12,90
Kelowna,2025,12,83
Kelowna,2026,6,37
Langley,2015,12,10
Langley,2016,12,31
Langley,2017,12,37
Langley,2018,12,33
Langley,2019,12,24
Langley,2020,12,37
Langley,2021,12,57
Langley,2022,12,45
Langley,2023,12,46
Langley,2024,12,44
Langley,2025,12,51
Langley,2026,6,19
Nanaimo,2015,12,18
Nanaimo,2016,12,30
Nanaimo,2017,12,56
Nanaimo,2018,12,40
Nanaimo,2019,12,27
Nanaimo,2020,12,39
Nanaimo,2021,12,55
Nanaimo,2022,12,80
Nanaimo,2023,12,115
Nanaimo,2024,12,94
Nanaimo,2025,12,71
Nanaimo,2026,6,43
New Westminster,2015,12,12
New Westminster,2016,12,10
New Westminster,2017,12,24
New Westminster,2018,12,35
New Westminster,2019,12,20
New Westminster,2020,12,36
New Westminster,2021,12,48
New Westminster,2022,12,32
New Westminster,2023,12,38
New Westminster,2024,12,37
New Westminster,2025,12,35
New Westminster,2026,6,7
North Vancouver,2015,12,7
North Vancouver,2016,12,13
North Vancouver,2017,12,19
North Vancouver,2018,12,16
North Vancouver,2019,12,11
North Vancouver,2020,12,22
North Vancouver,2021,12,18
North Vancouver,2022,12,20
North Vancouver,2023,12,23
North Vancouver,2024,12,25
North Vancouver,2025,12,15
North Vancouver,2026,6,6
Other Township,2015,12,123
Other Township,2016,12,237
Other Township,2017,12,349
Other Township,2018,12,350
Other Township,2019,12,229
Other Township,2020,12,424
Other Township,2021,12,592
Other Township,2022,12,609
Other Township,2023,12,679
Other Township,2024,12,617
Other Township,2025,12,491
Other Township,2026,6,216
Penticton,2015,12,3
Penticton,2016,12,7
Penticton,2017,12,15
Penticton,2018,12,16
Penticton,2019,12,21
Penticton,2020,12,17
Penticton,2021,12,27
Penticton,2022,12,31
Penticton,2023,12,24
Penticton,2024,12,28
Penticton,2025,12,16
Penticton,2026,6,6
Prince George,2015,12,12
Prince George,2016,12,18
Prince George,2017,12,24
Prince George,2018,12,51
Prince George,2019,12,25
Prince George,2020,12,60
Prince George,2021,12,56
Prince George,2022,12,85
Prince George,2023,12,93
Prince George,2024,12,107
Prince George,2025,12,67
Prince George,2026,6,30
Richmond,2015,12,6
Richmond,2016,12,14
Richmond,2017,12,28
Richmond,2018,12,12
Richmond,2019,12,14
Richmond,2020,12,19
Richmond,2021,12,33
Richmond,2022,12,29
Richmond,2023,12,28
Richmond,2024,12,25
Richmond,2025,12,23
Richmond,2026,6,5
Surrey,2015,12,76
Surrey,2016,12,118
Surrey,2017,12,182
Surrey,2018,12,215
Surrey,2019,12,119
Surrey,2020,12,222
Surrey,2021,12,282
Surrey,2022,12,243
Surrey,2023,12,237
Surrey,2024,12,228
Surrey,2025,12,177
Surrey,2026,6,63
Vancouver,2015,12,138
Vancouver,2016,12,231
Vancouver,2017,12,373
Vancouver,2018,12,401
Vancouver,2019,12,249
Vancouver,2020,12,423
Vancouver,2021,12,532
Vancouver,2022,12,577
Vancouver,2023,12,658
Vancouver,2024,12,525
Vancouver,2025,12,420
Vancouver,2026,6,179
Vernon,2015,12,8
Vernon,2016,12,12
Vernon,2017,12,24
Vernon,2018,12,23
Vernon,2019,12,14
Vernon,2020,12,28
Vernon,2021,12,43
Vernon,2022,12,44
Vernon,2023,12,56
Vernon,2024,12,43
Vernon,2025,12,29
Vernon,2026,6,11
